id,vlr_transacao,des_transacao,data_movimento,id_cartao
1,-84.19,COMPRA VESTUARIO,2026-01-01 11:10:00,1
2,-163.38,PET SHOP,2026-01-01 14:20:00,2
3,-242.57,RESTAURANTE,2026-01-01 17:30:00,3
4,-321.76,PADARIA,2026-01-01 20:40:00,4
5,-400.95,COMPRA SUPERMERCADO,2026-01-01 23:50:00,5
6,-480.14,COMPRA VESTUARIO,2026-01-02 03:00:00,6
7,-559.33,PET SHOP,2026-01-02 06:10:00,7
8,-638.52,RESTAURANTE,2026-01-02 09:20:00,8
9,-717.71,PADARIA,2026-01-02 12:30:00,9
10,-796.90,COMPRA SUPERMERCADO,2026-01-02 15:40:00,10
11,-876.09,COMPRA VESTUARIO,2026-01-02 18:50:00,11
12,-955.28,COMPRA ELETRONICOS,2026-01-02 22:00:00,1
13,-1034.47,ESTACIONAMENTO,2026-01-03 01:10:00,2
14,-1113.66,ASSINATURA STREAMING,2026-01-03 04:20:00,3
15,-1192.85,DELIVERY,2026-01-03 07:30:00,4
16,-1272.04,LOJA DE DEPARTAMENTO,2026-01-03 10:40:00,5
17,-1351.23,COMPRA ELETRONICOS,2026-01-03 10:09:00,6
18,-1430.42,ESTACIONAMENTO,2026-01-03 13:19:00,7
19,-14.61,ASSINATURA STREAMING,2026-01-03 16:29:00,8
20,-93.80,DELIVERY,2026-01-03 19:39:00,9
21,-172.99,LOJA DE DEPARTAMENTO,2026-01-03 22:49:00,10
22,-252.18,COMPRA ELETRONICOS,2026-01-04 01:59:00,11
23,-331.37,COMPRA FARMACIA,2026-01-04 05:09:00,1
24,-410.56,COMPRA ECOMMERCE,2026-01-04 08:19:00,2
25,-489.75,SERVICO ONLINE,2026-01-04 11:29:00,3
26,-568.94,CAFETERIA,2026-01-04 14:39:00,4
27,-648.13,LIVRARIA,2026-01-04 17:49:00,5
28,-727.32,COMPRA FARMACIA,2026-01-04 20:59:00,6
29,-806.51,COMPRA ECOMMERCE,2026-01-05 00:09:00,7
30,-885.70,SERVICO ONLINE,2026-01-05 03:19:00,8
31,-964.89,CAFETERIA,2026-01-05 06:29:00,9
32,-1044.08,LIVRARIA,2026-01-05 09:39:00,10
33,-1123.27,COMPRA FARMACIA,2026-01-05 12:49:00,11
34,-1202.46,CINEMA,2026-01-05 12:18:00,1
35,-1281.65,ASSINATURA SOFTWARE,2026-01-05 15:28:00,2
36,-1360.84,ACADEMIA,2026-01-05 18:38:00,3
37,-1440.03,POSTO COMBUSTIVEL,2026-01-05 21:48:00,4
38,-24.22,TRANSPORTE APLICATIVO,2026-01-06 00:58:00,5
39,-103.41,CINEMA,2026-01-06 04:08:00,6
40,-182.60,ASSINATURA SOFTWARE,2026-01-06 07:18:00,7
41,-261.79,ACADEMIA,2026-01-06 10:28:00,8
42,-340.98,POSTO COMBUSTIVEL,2026-01-06 13:38:00,9
43,-420.17,TRANSPORTE APLICATIVO,2026-01-06 16:48:00,10
44,-499.36,CINEMA,2026-01-06 19:58:00,11
45,-578.55,PET SHOP,2026-01-06 23:08:00,1
46,-657.74,RESTAURANTE,2026-01-07 02:18:00,2
47,-736.93,PADARIA,2026-01-07 05:28:00,3
48,-816.12,COMPRA SUPERMERCADO,2026-01-07 08:38:00,4
49,-895.31,COMPRA VESTUARIO,2026-01-07 11:48:00,5
50,-974.50,PET SHOP,2026-01-07 14:58:00,6
51,-1053.69,RESTAURANTE,2026-01-07 14:27:00,7
52,-1132.88,PADARIA,2026-01-07 17:37:00,8
53,-1212.07,COMPRA SUPERMERCADO,2026-01-07 20:47:00,9
54,-1291.26,COMPRA VESTUARIO,2026-01-07 23:57:00,10
55,-1370.45,PET SHOP,2026-01-08 03:07:00,11
56,-1449.64,ESTACIONAMENTO,2026-01-08 06:17:00,1
57,-33.83,ASSINATURA STREAMING,2026-01-08 09:27:00,2
58,-113.02,DELIVERY,2026-01-08 12:37:00,3
59,-192.21,LOJA DE DEPARTAMENTO,2026-01-08 15:47:00,4
60,-271.40,COMPRA ELETRONICOS,2026-01-08 18:57:00,5
61,-350.59,ESTACIONAMENTO,2026-01-08 22:07:00,6
62,-429.78,ASSINATURA STREAMING,2026-01-09 01:17:00,7
63,-508.97,DELIVERY,2026-01-09 04:27:00,8
64,-588.16,LOJA DE DEPARTAMENTO,2026-01-09 07:37:00,9
65,-667.35,COMPRA ELETRONICOS,2026-01-09 10:47:00,10
66,-746.54,ESTACIONAMENTO,2026-01-09 13:57:00,11
67,-825.73,COMPRA ECOMMERCE,2026-01-09 17:07:00,1
68,-904.92,SERVICO ONLINE,2026-01-09 16:36:00,2
69,-984.11,CAFETERIA,2026-01-09 19:46:00,3
70,-1063.30,LIVRARIA,2026-01-09 22:56:00,4
71,-1142.49,COMPRA FARMACIA,2026-01-10 02:06:00,5
72,-1221.68,COMPRA ECOMMERCE,2026-01-10 05:16:00,6
73,-1300.87,SERVICO ONLINE,2026-01-10 08:26:00,7
74,-1380.06,CAFETERIA,2026-01-10 11:36:00,8
75,-1459.25,LIVRARIA,2026-01-10 14:46:00,9
76,-43.44,COMPRA FARMACIA,2026-01-10 17:56:00,10
77,-122.63,COMPRA ECOMMERCE,2026-01-10 21:06:00,11
78,-201.82,ASSINATURA SOFTWARE,2026-01-11 00:16:00,1
79,-281.01,ACADEMIA,2026-01-11 03:26:00,2
80,-360.20,POSTO COMBUSTIVEL,2026-01-11 06:36:00,3
81,-439.39,TRANSPORTE APLICATIVO,2026-01-11 09:46:00,4
82,-518.58,CINEMA,2026-01-11 12:56:00,5
83,-597.77,ASSINATURA SOFTWARE,2026-01-11 16:06:00,6
84,-676.96,ACADEMIA,2026-01-11 19:16:00,7
85,-756.15,POSTO COMBUSTIVEL,2026-01-11 18:45:00,8
86,-835.34,TRANSPORTE APLICATIVO,2026-01-11 21:55:00,9
87,-914.53,CINEMA,2026-01-12 01:05:00,10
88,-993.72,ASSINATURA SOFTWARE,2026-01-12 04:15:00,11
89,-1072.91,RESTAURANTE,2026-01-12 07:25:00,1
90,-1152.10,PADARIA,2026-01-12 10:35:00,2
91,-1231.29,COMPRA SUPERMERCADO,2026-01-12 13:45:00,3
92,-1310.48,COMPRA VESTUARIO,2026-01-12 16:55:00,4
93,-1389.67,PET SHOP,2026-01-12 20:05:00,5
94,-1468.86,RESTAURANTE,2026-01-12 23:15:00,6
95,-53.05,PADARIA,2026-01-13 02:25:00,7
96,-132.24,COMPRA SUPERMERCADO,2026-01-13 05:35:00,8
97,-211.43,COMPRA VESTUARIO,2026-01-13 08:45:00,9
98,-290.62,PET SHOP,2026-01-13 11:55:00,10
99,-369.81,RESTAURANTE,2026-01-13 15:05:00,11
100,-449.00,ASSINATURA STREAMING,2026-01-13 18:15:00,1
101,-528.19,DELIVERY,2026-01-13 21:25:00,2
102,-607.38,LOJA DE DEPARTAMENTO,2026-01-13 20:54:00,3
103,-686.57,COMPRA ELETRONICOS,2026-01-14 00:04:00,4
104,-765.76,ESTACIONAMENTO,2026-01-14 03:14:00,5
105,-844.95,ASSINATURA STREAMING,2026-01-14 06:24:00,6
106,-924.14,DELIVERY,2026-01-14 09:34:00,7
107,-1003.33,LOJA DE DEPARTAMENTO,2026-01-14 12:44:00,8
108,-1082.52,COMPRA ELETRONICOS,2026-01-14 15:54:00,9
109,-1161.71,ESTACIONAMENTO,2026-01-14 19:04:00,10
110,-1240.90,ASSINATURA STREAMING,2026-01-14 22:14:00,11
111,-1320.09,SERVICO ONLINE,2026-01-15 01:24:00,1
112,-1399.28,CAFETERIA,2026-01-15 04:34:00,2
113,-1478.47,LIVRARIA,2026-01-15 07:44:00,3
114,-62.66,COMPRA FARMACIA,2026-01-15 10:54:00,4
115,-141.85,COMPRA ECOMMERCE,2026-01-15 14:04:00,5
116,-221.04,SERVICO ONLINE,2026-01-15 17:14:00,6
117,-300.23,CAFETERIA,2026-01-15 20:24:00,7
118,-379.42,LIVRARIA,2026-01-15 23:34:00,8
119,-458.61,COMPRA FARMACIA,2026-01-15 23:03:00,9
120,-537.80,COMPRA ECOMMERCE,2026-01-16 02:13:00,10
121,-616.99,SERVICO ONLINE,2026-01-16 05:23:00,11
122,-696.18,ACADEMIA,2026-01-16 08:33:00,1
123,-775.37,POSTO COMBUSTIVEL,2026-01-16 11:43:00,2
124,-854.56,TRANSPORTE APLICATIVO,2026-01-16 14:53:00,3
125,-933.75,CINEMA,2026-01-16 18:03:00,4
126,-1012.94,ASSINATURA SOFTWARE,2026-01-16 21:13:00,5
127,-1092.13,ACADEMIA,2026-01-17 00:23:00,6
128,-1171.32,POSTO COMBUSTIVEL,2026-01-17 03:33:00,7
129,-1250.51,TRANSPORTE APLICATIVO,2026-01-17 06:43:00,8
130,-1329.70,CINEMA,2026-01-17 09:53:00,9
131,-1408.89,ASSINATURA SOFTWARE,2026-01-17 13:03:00,10
132,-1488.08,ACADEMIA,2026-01-17 16:13:00,11
133,-72.27,PADARIA,2026-01-17 19:23:00,1
134,-151.46,COMPRA SUPERMERCADO,2026-01-17 22:33:00,2
135,-230.65,COMPRA VESTUARIO,2026-01-18 01:43:00,3
136,-309.84,PET SHOP,2026-01-18 01:12:00,4
137,-389.03,RESTAURANTE,2026-01-18 04:22:00,5
138,-468.22,PADARIA,2026-01-18 07:32:00,6
139,-547.41,COMPRA SUPERMERCADO,2026-01-18 10:42:00,7
140,-626.60,COMPRA VESTUARIO,2026-01-18 13:52:00,8
141,-705.79,PET SHOP,2026-01-18 17:02:00,9
142,-784.98,RESTAURANTE,2026-01-18 20:12:00,10
143,-864.17,PADARIA,2026-01-18 23:22:00,11
144,-943.36,DELIVERY,2026-01-19 02:32:00,1
145,-1022.55,LOJA DE DEPARTAMENTO,2026-01-19 05:42:00,2
146,-1101.74,COMPRA ELETRONICOS,2026-01-19 08:52:00,3
147,-1180.93,ESTACIONAMENTO,2026-01-19 12:02:00,4
148,-1260.12,ASSINATURA STREAMING,2026-01-19 15:12:00,5
149,-1339.31,DELIVERY,2026-01-19 18:22:00,6
150,-1418.50,LOJA DE DEPARTAMENTO,2026-01-19 21:32:00,7
151,-1497.69,COMPRA ELETRONICOS,2026-01-20 00:42:00,8
152,-81.88,ESTACIONAMENTO,2026-01-20 03:52:00,9
153,-161.07,ASSINATURA STREAMING,2026-01-20 03:21:00,10
154,-240.26,DELIVERY,2026-01-20 06:31:00,11
155,-319.45,CAFETERIA,2026-01-20 09:41:00,1
156,-398.64,LIVRARIA,2026-01-20 12:51:00,2
157,-477.83,COMPRA FARMACIA,2026-01-20 16:01:00,3
158,-557.02,COMPRA ECOMMERCE,2026-01-20 19:11:00,4
159,-636.21,SERVICO ONLINE,2026-01-20 22:21:00,5
160,-715.40,CAFETERIA,2026-01-21 01:31:00,6
161,-794.59,LIVRARIA,2026-01-21 04:41:00,7
162,-873.78,COMPRA FARMACIA,2026-01-21 07:51:00,8
163,-952.97,COMPRA ECOMMERCE,2026-01-21 11:01:00,9
164,-1032.16,SERVICO ONLINE,2026-01-21 14:11:00,10
165,-1111.35,CAFETERIA,2026-01-21 17:21:00,11
166,-1190.54,POSTO COMBUSTIVEL,2026-01-21 20:31:00,1
167,-1269.73,TRANSPORTE APLICATIVO,2026-01-21 23:41:00,2
168,-1348.92,CINEMA,2026-01-22 02:51:00,3
169,-1428.11,ASSINATURA SOFTWARE,2026-01-22 06:01:00,4
170,-12.30,ACADEMIA,2026-01-22 05:30:00,5
171,-91.49,POSTO COMBUSTIVEL,2026-01-22 08:40:00,6
172,-170.68,TRANSPORTE APLICATIVO,2026-01-22 11:50:00,7
173,-249.87,CINEMA,2026-01-22 15:00:00,8
174,-329.06,ASSINATURA SOFTWARE,2026-01-22 18:10:00,9
175,-408.25,ACADEMIA,2026-01-22 21:20:00,10
176,-487.44,POSTO COMBUSTIVEL,2026-01-23 00:30:00,11
177,-566.63,COMPRA SUPERMERCADO,2026-01-23 03:40:00,1
178,-645.82,COMPRA VESTUARIO,2026-01-23 06:50:00,2
179,-725.01,PET SHOP,2026-01-23 10:00:00,3
180,-804.20,RESTAURANTE,2026-01-23 13:10:00,4
181,-883.39,PADARIA,2026-01-23 16:20:00,5
182,-962.58,COMPRA SUPERMERCADO,2026-01-23 19:30:00,6
183,-1041.77,COMPRA VESTUARIO,2026-01-23 22:40:00,7
184,-1120.96,PET SHOP,2026-01-24 01:50:00,8
185,-1200.15,RESTAURANTE,2026-01-24 05:00:00,9
186,-1279.34,PADARIA,2026-01-24 08:10:00,10
187,-1358.53,COMPRA SUPERMERCADO,2026-01-24 07:39:00,11
188,-1437.72,LOJA DE DEPARTAMENTO,2026-01-24 10:49:00,1
189,-21.91,COMPRA ELETRONICOS,2026-01-24 13:59:00,2
190,-101.10,ESTACIONAMENTO,2026-01-24 17:09:00,3
191,-180.29,ASSINATURA STREAMING,2026-01-24 20:19:00,4
192,-259.48,DELIVERY,2026-01-24 23:29:00,5
193,-338.67,LOJA DE DEPARTAMENTO,2026-01-25 02:39:00,6
194,-417.86,COMPRA ELETRONICOS,2026-01-25 05:49:00,7
195,-497.05,ESTACIONAMENTO,2026-01-25 08:59:00,8
196,-576.24,ASSINATURA STREAMING,2026-01-25 12:09:00,9
197,-655.43,DELIVERY,2026-01-25 15:19:00,10
198,-734.62,LOJA DE DEPARTAMENTO,2026-01-25 18:29:00,11
199,-813.81,LIVRARIA,2026-01-25 21:39:00,1
200,-893.00,COMPRA FARMACIA,2026-01-26 00:49:00,2
201,-972.19,COMPRA ECOMMERCE,2026-01-26 03:59:00,3
202,-1051.38,SERVICO ONLINE,2026-01-26 07:09:00,4
203,-1130.57,CAFETERIA,2026-01-26 10:19:00,5
204,-1209.76,LIVRARIA,2026-01-26 09:48:00,6
205,-1288.95,COMPRA FARMACIA,2026-01-26 12:58:00,7
206,-1368.14,COMPRA ECOMMERCE,2026-01-26 16:08:00,8
207,-1447.33,SERVICO ONLINE,2026-01-26 19:18:00,9
208,-31.52,CAFETERIA,2026-01-26 22:28:00,10
209,-110.71,LIVRARIA,2026-01-27 01:38:00,11
210,-189.90,TRANSPORTE APLICATIVO,2026-01-27 04:48:00,1
211,-269.09,CINEMA,2026-01-27 07:58:00,2
212,-348.28,ASSINATURA SOFTWARE,2026-01-27 11:08:00,3
213,-427.47,ACADEMIA,2026-01-27 14:18:00,4
214,-506.66,POSTO COMBUSTIVEL,2026-01-27 17:28:00,5
215,-585.85,TRANSPORTE APLICATIVO,2026-01-27 20:38:00,6
216,-665.04,CINEMA,2026-01-27 23:48:00,7
217,-744.23,ASSINATURA SOFTWARE,2026-01-28 02:58:00,8
218,-823.42,ACADEMIA,2026-01-28 06:08:00,9
219,-902.61,POSTO COMBUSTIVEL,2026-01-28 09:18:00,10
220,-981.80,TRANSPORTE APLICATIVO,2026-01-28 12:28:00,11
221,-1060.99,COMPRA VESTUARIO,2026-01-28 11:57:00,1
222,-1140.18,PET SHOP,2026-01-28 15:07:00,2
223,-1219.37,RESTAURANTE,2026-01-28 18:17:00,3
224,-1298.56,PADARIA,2026-01-28 21:27:00,4
225,-1377.75,COMPRA SUPERMERCADO,2026-01-29 00:37:00,5
226,-1456.94,COMPRA VESTUARIO,2026-01-29 03:47:00,6
227,-41.13,PET SHOP,2026-01-29 06:57:00,7
228,-120.32,RESTAURANTE,2026-01-29 10:07:00,8
229,-199.51,PADARIA,2026-01-29 13:17:00,9
230,-278.70,COMPRA SUPERMERCADO,2026-01-29 16:27:00,10
231,-357.89,COMPRA VESTUARIO,2026-01-29 19:37:00,11
232,-437.08,COMPRA ELETRONICOS,2026-01-29 22:47:00,1
233,-516.27,ESTACIONAMENTO,2026-01-30 01:57:00,2
234,-595.46,ASSINATURA STREAMING,2026-01-30 05:07:00,3
235,-674.65,DELIVERY,2026-01-30 08:17:00,4
236,-753.84,LOJA DE DEPARTAMENTO,2026-01-30 11:27:00,5
237,-833.03,COMPRA ELETRONICOS,2026-01-30 14:37:00,6
238,-912.22,ESTACIONAMENTO,2026-01-30 14:06:00,7
239,-991.41,ASSINATURA STREAMING,2026-01-30 17:16:00,8
240,-1070.60,DELIVERY,2026-01-30 20:26:00,9
241,-1149.79,LOJA DE DEPARTAMENTO,2026-01-30 23:36:00,10
242,-1228.98,COMPRA ELETRONICOS,2026-01-31 02:46:00,11
243,-1308.17,COMPRA FARMACIA,2026-01-31 05:56:00,1
244,-1387.36,COMPRA ECOMMERCE,2026-01-31 09:06:00,2
245,-1466.55,SERVICO ONLINE,2026-01-31 12:16:00,3
246,-50.74,CAFETERIA,2026-01-31 15:26:00,4
247,-129.93,LIVRARIA,2026-01-31 18:36:00,5
248,-209.12,COMPRA FARMACIA,2026-01-31 21:46:00,6
249,-288.31,COMPRA ECOMMERCE,2026-02-01 00:56:00,7
250,-367.50,SERVICO ONLINE,2026-02-01 04:06:00,8
251,-446.69,CAFETERIA,2026-02-01 07:16:00,9
252,-525.88,LIVRARIA,2026-02-01 10:26:00,10
253,-605.07,COMPRA FARMACIA,2026-02-01 13:36:00,11
254,-684.26,CINEMA,2026-02-01 16:46:00,1
255,-763.45,ASSINATURA SOFTWARE,2026-02-01 16:15:00,2
256,-842.64,ACADEMIA,2026-02-01 19:25:00,3
257,-921.83,POSTO COMBUSTIVEL,2026-02-01 22:35:00,4
258,-1001.02,TRANSPORTE APLICATIVO,2026-02-02 01:45:00,5
259,-1080.21,CINEMA,2026-02-02 04:55:00,6
260,-1159.40,ASSINATURA SOFTWARE,2026-02-02 08:05:00,7
261,-1238.59,ACADEMIA,2026-02-02 11:15:00,8
262,-1317.78,POSTO COMBUSTIVEL,2026-02-02 14:25:00,9
263,-1396.97,TRANSPORTE APLICATIVO,2026-02-02 17:35:00,10
264,-1476.16,CINEMA,2026-02-02 20:45:00,11
265,-60.35,PET SHOP,2026-02-02 23:55:00,1
266,-139.54,RESTAURANTE,2026-02-03 03:05:00,2
267,-218.73,PADARIA,2026-02-03 06:15:00,3
268,-297.92,COMPRA SUPERMERCADO,2026-02-03 09:25:00,4
269,-377.11,COMPRA VESTUARIO,2026-02-03 12:35:00,5
270,-456.30,PET SHOP,2026-02-03 15:45:00,6
271,-535.49,RESTAURANTE,2026-02-03 18:55:00,7
272,-614.68,PADARIA,2026-02-03 18:24:00,8
273,-693.87,COMPRA SUPERMERCADO,2026-02-03 21:34:00,9
274,-773.06,COMPRA VESTUARIO,2026-02-04 00:44:00,10
275,-852.25,PET SHOP,2026-02-04 03:54:00,11
276,-931.44,ESTACIONAMENTO,2026-02-04 07:04:00,1
277,-1010.63,ASSINATURA STREAMING,2026-02-04 10:14:00,2
278,-1089.82,DELIVERY,2026-02-04 13:24:00,3
279,-1169.01,LOJA DE DEPARTAMENTO,2026-02-04 16:34:00,4
280,-1248.20,COMPRA ELETRONICOS,2026-02-04 19:44:00,5
281,-1327.39,ESTACIONAMENTO,2026-02-04 22:54:00,6
282,-1406.58,ASSINATURA STREAMING,2026-02-05 02:04:00,7
283,-1485.77,DELIVERY,2026-02-05 05:14:00,8
284,-69.96,LOJA DE DEPARTAMENTO,2026-02-05 08:24:00,9
285,-149.15,COMPRA ELETRONICOS,2026-02-05 11:34:00,10
286,-228.34,ESTACIONAMENTO,2026-02-05 14:44:00,11
287,-307.53,COMPRA ECOMMERCE,2026-02-05 17:54:00,1
288,-386.72,SERVICO ONLINE,2026-02-05 21:04:00,2
289,-465.91,CAFETERIA,2026-02-05 20:33:00,3
290,-545.10,LIVRARIA,2026-02-05 23:43:00,4
291,-624.29,COMPRA FARMACIA,2026-02-06 02:53:00,5
292,-703.48,COMPRA ECOMMERCE,2026-02-06 06:03:00,6
293,-782.67,SERVICO ONLINE,2026-02-06 09:13:00,7
294,-861.86,CAFETERIA,2026-02-06 12:23:00,8
295,-941.05,LIVRARIA,2026-02-06 15:33:00,9
296,-1020.24,COMPRA FARMACIA,2026-02-06 18:43:00,10
297,-1099.43,COMPRA ECOMMERCE,2026-02-06 21:53:00,11
298,-1178.62,ASSINATURA SOFTWARE,2026-02-07 01:03:00,1
299,-1257.81,ACADEMIA,2026-02-07 04:13:00,2
300,-1337.00,POSTO COMBUSTIVEL,2026-02-07 07:23:00,3
301,-1416.19,TRANSPORTE APLICATIVO,2026-02-07 10:33:00,4
302,-1495.38,CINEMA,2026-02-07 13:43:00,5
303,-79.57,ASSINATURA SOFTWARE,2026-02-07 16:53:00,6
304,-158.76,ACADEMIA,2026-02-07 20:03:00,7
305,-237.95,POSTO COMBUSTIVEL,2026-02-07 23:13:00,8
306,-317.14,TRANSPORTE APLICATIVO,2026-02-07 22:42:00,9
307,-396.33,CINEMA,2026-02-08 01:52:00,10
308,-475.52,ASSINATURA SOFTWARE,2026-02-08 05:02:00,11
309,-554.71,RESTAURANTE,2026-02-08 08:12:00,1
310,-633.90,PADARIA,2026-02-08 11:22:00,2
311,-713.09,COMPRA SUPERMERCADO,2026-02-08 14:32:00,3
312,-792.28,COMPRA VESTUARIO,2026-02-08 17:42:00,4
313,-871.47,PET SHOP,2026-02-08 20:52:00,5
314,-950.66,RESTAURANTE,2026-02-09 00:02:00,6
315,-1029.85,PADARIA,2026-02-09 03:12:00,7
316,-1109.04,COMPRA SUPERMERCADO,2026-02-09 06:22:00,8
317,-1188.23,COMPRA VESTUARIO,2026-02-09 09:32:00,9
318,-1267.42,PET SHOP,2026-02-09 12:42:00,10
319,-1346.61,RESTAURANTE,2026-02-09 15:52:00,11
320,-1425.80,ASSINATURA STREAMING,2026-02-09 19:02:00,1
321,-9.99,DELIVERY,2026-02-09 22:12:00,2
322,-89.18,LOJA DE DEPARTAMENTO,2026-02-10 01:22:00,3
323,-168.37,COMPRA ELETRONICOS,2026-02-10 00:51:00,4
324,-247.56,ESTACIONAMENTO,2026-02-10 04:01:00,5
325,-326.75,ASSINATURA STREAMING,2026-02-10 07:11:00,6
326,-405.94,DELIVERY,2026-02-10 10:21:00,7
327,-485.13,LOJA DE DEPARTAMENTO,2026-02-10 13:31:00,8
328,-564.32,COMPRA ELETRONICOS,2026-02-10 16:41:00,9
329,-643.51,ESTACIONAMENTO,2026-02-10 19:51:00,10
330,-722.70,ASSINATURA STREAMING,2026-02-10 23:01:00,11
331,-801.89,SERVICO ONLINE,2026-02-11 02:11:00,1
332,-881.08,CAFETERIA,2026-02-11 05:21:00,2
333,-960.27,LIVRARIA,2026-02-11 08:31:00,3
334,-1039.46,COMPRA FARMACIA,2026-02-11 11:41:00,4
335,-1118.65,COMPRA ECOMMERCE,2026-02-11 14:51:00,5
336,-1197.84,SERVICO ONLINE,2026-02-11 18:01:00,6
337,-1277.03,CAFETERIA,2026-02-11 21:11:00,7
338,-1356.22,LIVRARIA,2026-02-12 00:21:00,8
339,-1435.41,COMPRA FARMACIA,2026-02-12 03:31:00,9
340,-19.60,COMPRA ECOMMERCE,2026-02-12 03:00:00,10
341,-98.79,SERVICO ONLINE,2026-02-12 06:10:00,11
342,-177.98,ACADEMIA,2026-02-12 09:20:00,1
343,-257.17,POSTO COMBUSTIVEL,2026-02-12 12:30:00,2
344,-336.36,TRANSPORTE APLICATIVO,2026-02-12 15:40:00,3
345,-415.55,CINEMA,2026-02-12 18:50:00,4
346,-494.74,ASSINATURA SOFTWARE,2026-02-12 22:00:00,5
347,-573.93,ACADEMIA,2026-02-13 01:10:00,6
348,-653.12,POSTO COMBUSTIVEL,2026-02-13 04:20:00,7
349,-732.31,TRANSPORTE APLICATIVO,2026-02-13 07:30:00,8
350,-811.50,CINEMA,2026-02-13 10:40:00,9
351,-890.69,ASSINATURA SOFTWARE,2026-02-13 13:50:00,10
352,-969.88,ACADEMIA,2026-02-13 17:00:00,11
353,-1049.07,PADARIA,2026-02-13 20:10:00,1
354,-1128.26,COMPRA SUPERMERCADO,2026-02-13 23:20:00,2
355,-1207.45,COMPRA VESTUARIO,2026-02-14 02:30:00,3
356,-1286.64,PET SHOP,2026-02-14 05:40:00,4
357,-1365.83,RESTAURANTE,2026-02-14 05:09:00,5
358,-1445.02,PADARIA,2026-02-14 08:19:00,6
359,-29.21,COMPRA SUPERMERCADO,2026-02-14 11:29:00,7
360,-108.40,COMPRA VESTUARIO,2026-02-14 14:39:00,8
361,-187.59,PET SHOP,2026-02-14 17:49:00,9
362,-266.78,RESTAURANTE,2026-02-14 20:59:00,10
363,-345.97,PADARIA,2026-02-15 00:09:00,11
364,-425.16,DELIVERY,2026-02-15 03:19:00,1
365,-504.35,LOJA DE DEPARTAMENTO,2026-02-15 06:29:00,2
366,-583.54,COMPRA ELETRONICOS,2026-02-15 09:39:00,3
367,-662.73,ESTACIONAMENTO,2026-02-15 12:49:00,4
368,-741.92,ASSINATURA STREAMING,2026-02-15 15:59:00,5
369,-821.11,DELIVERY,2026-02-15 19:09:00,6
370,-900.30,LOJA DE DEPARTAMENTO,2026-02-15 22:19:00,7
371,-979.49,COMPRA ELETRONICOS,2026-02-16 01:29:00,8
372,-1058.68,ESTACIONAMENTO,2026-02-16 04:39:00,9
373,-1137.87,ASSINATURA STREAMING,2026-02-16 07:49:00,10
374,-1217.06,DELIVERY,2026-02-16 07:18:00,11
375,-1296.25,CAFETERIA,2026-02-16 10:28:00,1
376,-1375.44,LIVRARIA,2026-02-16 13:38:00,2
377,-1454.63,COMPRA FARMACIA,2026-02-16 16:48:00,3
378,-38.82,COMPRA ECOMMERCE,2026-02-16 19:58:00,4
379,-118.01,SERVICO ONLINE,2026-02-16 23:08:00,5
380,-197.20,CAFETERIA,2026-02-17 02:18:00,6
381,-276.39,LIVRARIA,2026-02-17 05:28:00,7
382,-355.58,COMPRA FARMACIA,2026-02-17 08:38:00,8
383,-434.77,COMPRA ECOMMERCE,2026-02-17 11:48:00,9
384,-513.96,SERVICO ONLINE,2026-02-17 14:58:00,10
385,-593.15,CAFETERIA,2026-02-17 18:08:00,11
386,-672.34,POSTO COMBUSTIVEL,2026-02-17 21:18:00,1
387,-751.53,TRANSPORTE APLICATIVO,2026-02-18 00:28:00,2
388,-830.72,CINEMA,2026-02-18 03:38:00,3
389,-909.91,ASSINATURA SOFTWARE,2026-02-18 06:48:00,4
390,-989.10,ACADEMIA,2026-02-18 09:58:00,5
391,-1068.29,POSTO COMBUSTIVEL,2026-02-18 09:27:00,6
392,-1147.48,TRANSPORTE APLICATIVO,2026-02-18 12:37:00,7
393,-1226.67,CINEMA,2026-02-18 15:47:00,8
394,-1305.86,ASSINATURA SOFTWARE,2026-02-18 18:57:00,9
395,-1385.05,ACADEMIA,2026-02-18 22:07:00,10
396,-1464.24,POSTO COMBUSTIVEL,2026-02-19 01:17:00,11
397,-48.43,COMPRA SUPERMERCADO,2026-02-19 04:27:00,1
398,-127.62,COMPRA VESTUARIO,2026-02-19 07:37:00,2
399,-206.81,PET SHOP,2026-02-19 10:47:00,3
400,-286.00,RESTAURANTE,2026-02-19 13:57:00,4
401,-365.19,PADARIA,2026-02-19 17:07:00,5
402,-444.38,COMPRA SUPERMERCADO,2026-02-19 20:17:00,6
403,-523.57,COMPRA VESTUARIO,2026-02-19 23:27:00,7
404,-602.76,PET SHOP,2026-02-20 02:37:00,8
405,-681.95,RESTAURANTE,2026-02-20 05:47:00,9
406,-761.14,PADARIA,2026-02-20 08:57:00,10
407,-840.33,COMPRA SUPERMERCADO,2026-02-20 12:07:00,11
408,-919.52,LOJA DE DEPARTAMENTO,2026-02-20 11:36:00,1
409,-998.71,COMPRA ELETRONICOS,2026-02-20 14:46:00,2
410,-1077.90,ESTACIONAMENTO,2026-02-20 17:56:00,3
411,-1157.09,ASSINATURA STREAMING,2026-02-20 21:06:00,4
412,-1236.28,DELIVERY,2026-02-21 00:16:00,5
413,-1315.47,LOJA DE DEPARTAMENTO,2026-02-21 03:26:00,6
414,-1394.66,COMPRA ELETRONICOS,2026-02-21 06:36:00,7
415,-1473.85,ESTACIONAMENTO,2026-02-21 09:46:00,8
416,-58.04,ASSINATURA STREAMING,2026-02-21 12:56:00,9
417,-137.23,DELIVERY,2026-02-21 16:06:00,10
418,-216.42,LOJA DE DEPARTAMENTO,2026-02-21 19:16:00,11
419,-295.61,LIVRARIA,2026-02-21 22:26:00,1
420,-374.80,COMPRA FARMACIA,2026-02-22 01:36:00,2
421,-453.99,COMPRA ECOMMERCE,2026-02-22 04:46:00,3
422,-533.18,SERVICO ONLINE,2026-02-22 07:56:00,4
423,-612.37,CAFETERIA,2026-02-22 11:06:00,5
424,-691.56,LIVRARIA,2026-02-22 14:16:00,6
425,-770.75,COMPRA FARMACIA,2026-02-22 13:45:00,7
426,-849.94,COMPRA ECOMMERCE,2026-02-22 16:55:00,8
427,-929.13,SERVICO ONLINE,2026-02-22 20:05:00,9
428,-1008.32,CAFETERIA,2026-02-22 23:15:00,10
429,-1087.51,LIVRARIA,2026-02-23 02:25:00,11
430,-1166.70,TRANSPORTE APLICATIVO,2026-02-23 05:35:00,1
431,-1245.89,CINEMA,2026-02-23 08:45:00,2
432,-1325.08,ASSINATURA SOFTWARE,2026-02-23 11:55:00,3
433,-1404.27,ACADEMIA,2026-02-23 15:05:00,4
434,-1483.46,POSTO COMBUSTIVEL,2026-02-23 18:15:00,5
435,-67.65,TRANSPORTE APLICATIVO,2026-02-23 21:25:00,6
436,-146.84,CINEMA,2026-02-24 00:35:00,7
437,-226.03,ASSINATURA SOFTWARE,2026-02-24 03:45:00,8
438,-305.22,ACADEMIA,2026-02-24 06:55:00,9
439,-384.41,POSTO COMBUSTIVEL,2026-02-24 10:05:00,10
440,-463.60,TRANSPORTE APLICATIVO,2026-02-24 13:15:00,11
441,-542.79,COMPRA VESTUARIO,2026-02-24 16:25:00,1
442,-621.98,PET SHOP,2026-02-24 15:54:00,2
443,-701.17,RESTAURANTE,2026-02-24 19:04:00,3
444,-780.36,PADARIA,2026-02-24 22:14:00,4
445,-859.55,COMPRA SUPERMERCADO,2026-02-25 01:24:00,5
446,-938.74,COMPRA VESTUARIO,2026-02-25 04:34:00,6
447,-1017.93,PET SHOP,2026-02-25 07:44:00,7
448,-1097.12,RESTAURANTE,2026-02-25 10:54:00,8
449,-1176.31,PADARIA,2026-02-25 14:04:00,9
450,-1255.50,COMPRA SUPERMERCADO,2026-02-25 17:14:00,10
451,-1334.69,COMPRA VESTUARIO,2026-02-25 20:24:00,11
452,-1413.88,COMPRA ELETRONICOS,2026-02-25 23:34:00,1
453,-1493.07,ESTACIONAMENTO,2026-02-26 02:44:00,2
454,-77.26,ASSINATURA STREAMING,2026-02-26 05:54:00,3
455,-156.45,DELIVERY,2026-02-26 09:04:00,4
456,-235.64,LOJA DE DEPARTAMENTO,2026-02-26 12:14:00,5
457,-314.83,COMPRA ELETRONICOS,2026-02-26 15:24:00,6
458,-394.02,ESTACIONAMENTO,2026-02-26 18:34:00,7
459,-473.21,ASSINATURA STREAMING,2026-02-26 18:03:00,8
460,-552.40,DELIVERY,2026-02-26 21:13:00,9
461,-631.59,LOJA DE DEPARTAMENTO,2026-02-27 00:23:00,10
462,-710.78,COMPRA ELETRONICOS,2026-02-27 03:33:00,11
463,-789.97,COMPRA FARMACIA,2026-02-27 06:43:00,1
464,-869.16,COMPRA ECOMMERCE,2026-02-27 09:53:00,2
465,-948.35,SERVICO ONLINE,2026-02-27 13:03:00,3
466,-1027.54,CAFETERIA,2026-02-27 16:13:00,4
467,-1106.73,LIVRARIA,2026-02-27 19:23:00,5
468,-1185.92,COMPRA FARMACIA,2026-02-27 22:33:00,6
469,-1265.11,COMPRA ECOMMERCE,2026-02-28 01:43:00,7
470,-1344.30,SERVICO ONLINE,2026-02-28 04:53:00,8
471,-1423.49,CAFETERIA,2026-02-28 08:03:00,9
472,-7.68,LIVRARIA,2026-02-28 11:13:00,10
473,-86.87,COMPRA FARMACIA,2026-02-28 14:23:00,11
474,-166.06,CINEMA,2026-02-28 17:33:00,1
475,-245.25,ASSINATURA SOFTWARE,2026-02-28 20:43:00,2
476,-324.44,ACADEMIA,2026-02-28 20:12:00,3
477,-403.63,POSTO COMBUSTIVEL,2026-02-28 23:22:00,4
478,-482.82,TRANSPORTE APLICATIVO,2026-03-01 02:32:00,5
479,-562.01,CINEMA,2026-03-01 05:42:00,6
480,-641.20,ASSINATURA SOFTWARE,2026-03-01 08:52:00,7
481,-720.39,ACADEMIA,2026-03-01 12:02:00,8
482,-799.58,POSTO COMBUSTIVEL,2026-03-01 15:12:00,9
483,-878.77,TRANSPORTE APLICATIVO,2026-03-01 18:22:00,10
484,-957.96,CINEMA,2026-03-01 21:32:00,11
485,-1037.15,PET SHOP,2026-03-02 00:42:00,1
486,-1116.34,RESTAURANTE,2026-03-02 03:52:00,2
487,-1195.53,PADARIA,2026-03-02 07:02:00,3
488,-1274.72,COMPRA SUPERMERCADO,2026-03-02 10:12:00,4
489,-1353.91,COMPRA VESTUARIO,2026-03-02 13:22:00,5
490,-1433.10,PET SHOP,2026-03-02 16:32:00,6
491,-17.29,RESTAURANTE,2026-03-02 19:42:00,7
492,-96.48,PADARIA,2026-03-02 22:52:00,8
493,-175.67,COMPRA SUPERMERCADO,2026-03-02 22:21:00,9
494,-254.86,COMPRA VESTUARIO,2026-03-03 01:31:00,10
495,-334.05,PET SHOP,2026-03-03 04:41:00,11
496,-413.24,ESTACIONAMENTO,2026-03-03 07:51:00,1
497,-492.43,ASSINATURA STREAMING,2026-03-03 11:01:00,2
498,-571.62,DELIVERY,2026-03-03 14:11:00,3
499,-650.81,LOJA DE DEPARTAMENTO,2026-03-03 17:21:00,4
500,-730.00,COMPRA ELETRONICOS,2026-03-03 20:31:00,5
501,-809.19,ESTACIONAMENTO,2026-03-03 23:41:00,6
502,-888.38,ASSINATURA STREAMING,2026-03-04 02:51:00,7
503,-967.57,DELIVERY,2026-03-04 06:01:00,8
504,-1046.76,LOJA DE DEPARTAMENTO,2026-03-04 09:11:00,9
505,-1125.95,COMPRA ELETRONICOS,2026-03-04 12:21:00,10
506,-1205.14,ESTACIONAMENTO,2026-03-04 15:31:00,11
507,-1284.33,COMPRA ECOMMERCE,2026-03-04 18:41:00,1
508,-1363.52,SERVICO ONLINE,2026-03-04 21:51:00,2
509,-1442.71,CAFETERIA,2026-03-05 01:01:00,3
510,-26.90,LIVRARIA,2026-03-05 00:30:00,4
511,-106.09,COMPRA FARMACIA,2026-03-05 03:40:00,5
512,-185.28,COMPRA ECOMMERCE,2026-03-05 06:50:00,6
513,-264.47,SERVICO ONLINE,2026-03-05 10:00:00,7
514,-343.66,CAFETERIA,2026-03-05 13:10:00,8
515,-422.85,LIVRARIA,2026-03-05 16:20:00,9
516,-502.04,COMPRA FARMACIA,2026-03-05 19:30:00,10
517,-581.23,COMPRA ECOMMERCE,2026-03-05 22:40:00,11
518,-660.42,ASSINATURA SOFTWARE,2026-03-06 01:50:00,1
519,-739.61,ACADEMIA,2026-03-06 05:00:00,2
520,-818.80,POSTO COMBUSTIVEL,2026-03-06 08:10:00,3
521,-897.99,TRANSPORTE APLICATIVO,2026-03-06 11:20:00,4
522,-977.18,CINEMA,2026-03-06 14:30:00,5
523,-1056.37,ASSINATURA SOFTWARE,2026-03-06 17:40:00,6
524,-1135.56,ACADEMIA,2026-03-06 20:50:00,7
525,-1214.75,POSTO COMBUSTIVEL,2026-03-07 00:00:00,8
526,-1293.94,TRANSPORTE APLICATIVO,2026-03-07 03:10:00,9
527,-1373.13,CINEMA,2026-03-07 02:39:00,10
528,-1452.32,ASSINATURA SOFTWARE,2026-03-07 05:49:00,11
529,-36.51,RESTAURANTE,2026-03-07 08:59:00,1
530,-115.70,PADARIA,2026-03-07 12:09:00,2
531,-194.89,COMPRA SUPERMERCADO,2026-03-07 15:19:00,3
532,-274.08,COMPRA VESTUARIO,2026-03-07 18:29:00,4
533,-353.27,PET SHOP,2026-03-07 21:39:00,5
534,-432.46,RESTAURANTE,2026-03-08 00:49:00,6
535,-511.65,PADARIA,2026-03-08 03:59:00,7
536,-590.84,COMPRA SUPERMERCADO,2026-03-08 07:09:00,8
537,-670.03,COMPRA VESTUARIO,2026-03-08 10:19:00,9
538,-749.22,PET SHOP,2026-03-08 13:29:00,10
539,-828.41,RESTAURANTE,2026-03-08 16:39:00,11
540,-907.60,ASSINATURA STREAMING,2026-03-08 19:49:00,1
541,-986.79,DELIVERY,2026-03-08 22:59:00,2
542,-1065.98,LOJA DE DEPARTAMENTO,2026-03-09 02:09:00,3
543,-1145.17,COMPRA ELETRONICOS,2026-03-09 05:19:00,4
544,-1224.36,ESTACIONAMENTO,2026-03-09 04:48:00,5
545,-1303.55,ASSINATURA STREAMING,2026-03-09 07:58:00,6
546,-1382.74,DELIVERY,2026-03-09 11:08:00,7
547,-1461.93,LOJA DE DEPARTAMENTO,2026-03-09 14:18:00,8
548,-46.12,COMPRA ELETRONICOS,2026-03-09 17:28:00,9
549,-125.31,ESTACIONAMENTO,2026-03-09 20:38:00,10
550,-204.50,ASSINATURA STREAMING,2026-03-09 23:48:00,11
551,-283.69,SERVICO ONLINE,2026-03-10 02:58:00,1
552,-362.88,CAFETERIA,2026-03-10 06:08:00,2
553,-442.07,LIVRARIA,2026-03-10 09:18:00,3
554,-521.26,COMPRA FARMACIA,2026-03-10 12:28:00,4
555,-600.45,COMPRA ECOMMERCE,2026-03-10 15:38:00,5
556,-679.64,SERVICO ONLINE,2026-03-10 18:48:00,6
557,-758.83,CAFETERIA,2026-03-10 21:58:00,7
558,-838.02,LIVRARIA,2026-03-11 01:08:00,8
559,-917.21,COMPRA FARMACIA,2026-03-11 04:18:00,9
560,-996.40,COMPRA ECOMMERCE,2026-03-11 07:28:00,10
561,-1075.59,SERVICO ONLINE,2026-03-11 06:57:00,11
562,-1154.78,ACADEMIA,2026-03-11 10:07:00,1
563,-1233.97,POSTO COMBUSTIVEL,2026-03-11 13:17:00,2
564,-1313.16,TRANSPORTE APLICATIVO,2026-03-11 16:27:00,3
565,-1392.35,CINEMA,2026-03-11 19:37:00,4
566,-1471.54,ASSINATURA SOFTWARE,2026-03-11 22:47:00,5
567,-55.73,ACADEMIA,2026-03-12 01:57:00,6
568,-134.92,POSTO COMBUSTIVEL,2026-03-12 05:07:00,7
569,-214.11,TRANSPORTE APLICATIVO,2026-03-12 08:17:00,8
570,-293.30,CINEMA,2026-03-12 11:27:00,9
571,-372.49,ASSINATURA SOFTWARE,2026-03-12 14:37:00,10
572,-451.68,ACADEMIA,2026-03-12 17:47:00,11
573,-530.87,PADARIA,2026-03-12 20:57:00,1
574,-610.06,COMPRA SUPERMERCADO,2026-03-13 00:07:00,2
575,-689.25,COMPRA VESTUARIO,2026-03-13 03:17:00,3
576,-768.44,PET SHOP,2026-03-13 06:27:00,4
577,-847.63,RESTAURANTE,2026-03-13 09:37:00,5
578,-926.82,PADARIA,2026-03-13 09:06:00,6
579,-1006.01,COMPRA SUPERMERCADO,2026-03-13 12:16:00,7
580,-1085.20,COMPRA VESTUARIO,2026-03-13 15:26:00,8
581,-1164.39,PET SHOP,2026-03-13 18:36:00,9
582,-1243.58,RESTAURANTE,2026-03-13 21:46:00,10
583,-1322.77,PADARIA,2026-03-14 00:56:00,11
584,-1401.96,DELIVERY,2026-03-14 04:06:00,1
585,-1481.15,LOJA DE DEPARTAMENTO,2026-03-14 07:16:00,2
586,-65.34,COMPRA ELETRONICOS,2026-03-14 10:26:00,3
587,-144.53,ESTACIONAMENTO,2026-03-14 13:36:00,4
588,-223.72,ASSINATURA STREAMING,2026-03-14 16:46:00,5
589,-302.91,DELIVERY,2026-03-14 19:56:00,6
590,-382.10,LOJA DE DEPARTAMENTO,2026-03-14 23:06:00,7
591,-461.29,COMPRA ELETRONICOS,2026-03-15 02:16:00,8
592,-540.48,ESTACIONAMENTO,2026-03-15 05:26:00,9
593,-619.67,ASSINATURA STREAMING,2026-03-15 08:36:00,10
594,-698.86,DELIVERY,2026-03-15 11:46:00,11
595,-778.05,CAFETERIA,2026-03-15 11:15:00,1
596,-857.24,LIVRARIA,2026-03-15 14:25:00,2
597,-936.43,COMPRA FARMACIA,2026-03-15 17:35:00,3
598,-1015.62,COMPRA ECOMMERCE,2026-03-15 20:45:00,4
599,-1094.81,SERVICO ONLINE,2026-03-15 23:55:00,5
600,-1174.00,CAFETERIA,2026-03-16 03:05:00,6
601,-1253.19,LIVRARIA,2026-03-16 06:15:00,7
602,-1332.38,COMPRA FARMACIA,2026-03-16 09:25:00,8
603,-1411.57,COMPRA ECOMMERCE,2026-03-16 12:35:00,9
604,-1490.76,SERVICO ONLINE,2026-03-16 15:45:00,10
605,-74.95,CAFETERIA,2026-03-16 18:55:00,11
606,-154.14,POSTO COMBUSTIVEL,2026-03-16 22:05:00,1
607,-233.33,TRANSPORTE APLICATIVO,2026-03-17 01:15:00,2
608,-312.52,CINEMA,2026-03-17 04:25:00,3
609,-391.71,ASSINATURA SOFTWARE,2026-03-17 07:35:00,4
610,-470.90,ACADEMIA,2026-03-17 10:45:00,5
611,-550.09,POSTO COMBUSTIVEL,2026-03-17 13:55:00,6
612,-629.28,TRANSPORTE APLICATIVO,2026-03-17 13:24:00,7
613,-708.47,CINEMA,2026-03-17 16:34:00,8
614,-787.66,ASSINATURA SOFTWARE,2026-03-17 19:44:00,9
615,-866.85,ACADEMIA,2026-03-17 22:54:00,10
616,-946.04,POSTO COMBUSTIVEL,2026-03-18 02:04:00,11
617,-1025.23,COMPRA SUPERMERCADO,2026-03-18 05:14:00,1
618,-1104.42,COMPRA VESTUARIO,2026-03-18 08:24:00,2
619,-1183.61,PET SHOP,2026-03-18 11:34:00,3
620,-1262.80,RESTAURANTE,2026-03-18 14:44:00,4
621,-1341.99,PADARIA,2026-03-18 17:54:00,5
622,-1421.18,COMPRA SUPERMERCADO,2026-03-18 21:04:00,6
623,-5.37,COMPRA VESTUARIO,2026-03-19 00:14:00,7
624,-84.56,PET SHOP,2026-03-19 03:24:00,8
625,-163.75,RESTAURANTE,2026-03-19 06:34:00,9
626,-242.94,PADARIA,2026-03-19 09:44:00,10
627,-322.13,COMPRA SUPERMERCADO,2026-03-19 12:54:00,11
628,-401.32,LOJA DE DEPARTAMENTO,2026-03-19 16:04:00,1
629,-480.51,COMPRA ELETRONICOS,2026-03-19 15:33:00,2
630,-559.70,ESTACIONAMENTO,2026-03-19 18:43:00,3
631,-638.89,ASSINATURA STREAMING,2026-03-19 21:53:00,4
632,-718.08,DELIVERY,2026-03-20 01:03:00,5
633,-797.27,LOJA DE DEPARTAMENTO,2026-03-20 04:13:00,6
634,-876.46,COMPRA ELETRONICOS,2026-03-20 07:23:00,7
635,-955.65,ESTACIONAMENTO,2026-03-20 10:33:00,8
636,-1034.84,ASSINATURA STREAMING,2026-03-20 13:43:00,9
637,-1114.03,DELIVERY,2026-03-20 16:53:00,10
638,-1193.22,LOJA DE DEPARTAMENTO,2026-03-20 20:03:00,11
639,-1272.41,LIVRARIA,2026-03-20 23:13:00,1
640,-1351.60,COMPRA FARMACIA,2026-03-21 02:23:00,2
641,-1430.79,COMPRA ECOMMERCE,2026-03-21 05:33:00,3
642,-14.98,SERVICO ONLINE,2026-03-21 08:43:00,4
643,-94.17,CAFETERIA,2026-03-21 11:53:00,5
644,-173.36,LIVRARIA,2026-03-21 15:03:00,6
645,-252.55,COMPRA FARMACIA,2026-03-21 18:13:00,7
646,-331.74,COMPRA ECOMMERCE,2026-03-21 17:42:00,8
647,-410.93,SERVICO ONLINE,2026-03-21 20:52:00,9
648,-490.12,CAFETERIA,2026-03-22 00:02:00,10
649,-569.31,LIVRARIA,2026-03-22 03:12:00,11
650,-648.50,TRANSPORTE APLICATIVO,2026-03-22 06:22:00,1
651,-727.69,CINEMA,2026-03-22 09:32:00,2
652,-806.88,ASSINATURA SOFTWARE,2026-03-22 12:42:00,3
653,-886.07,ACADEMIA,2026-03-22 15:52:00,4
654,-965.26,POSTO COMBUSTIVEL,2026-03-22 19:02:00,5
655,-1044.45,TRANSPORTE APLICATIVO,2026-03-22 22:12:00,6
656,-1123.64,CINEMA,2026-03-23 01:22:00,7
657,-1202.83,ASSINATURA SOFTWARE,2026-03-23 04:32:00,8
658,-1282.02,ACADEMIA,2026-03-23 07:42:00,9
659,-1361.21,POSTO COMBUSTIVEL,2026-03-23 10:52:00,10
660,-1440.40,TRANSPORTE APLICATIVO,2026-03-23 14:02:00,11
661,-24.59,COMPRA VESTUARIO,2026-03-23 17:12:00,1
662,-103.78,PET SHOP,2026-03-23 20:22:00,2
663,-182.97,RESTAURANTE,2026-03-23 19:51:00,3
664,-262.16,PADARIA,2026-03-23 23:01:00,4
665,-341.35,COMPRA SUPERMERCADO,2026-03-24 02:11:00,5
666,-420.54,COMPRA VESTUARIO,2026-03-24 05:21:00,6
667,-499.73,PET SHOP,2026-03-24 08:31:00,7
668,-578.92,RESTAURANTE,2026-03-24 11:41:00,8
669,-658.11,PADARIA,2026-03-24 14:51:00,9
670,-737.30,COMPRA SUPERMERCADO,2026-03-24 18:01:00,10
671,-816.49,COMPRA VESTUARIO,2026-03-24 21:11:00,11
672,-895.68,COMPRA ELETRONICOS,2026-03-25 00:21:00,1
673,-974.87,ESTACIONAMENTO,2026-03-25 03:31:00,2
674,-1054.06,ASSINATURA STREAMING,2026-03-25 06:41:00,3
675,-1133.25,DELIVERY,2026-03-25 09:51:00,4
676,-1212.44,LOJA DE DEPARTAMENTO,2026-03-25 13:01:00,5
677,-1291.63,COMPRA ELETRONICOS,2026-03-25 16:11:00,6
678,-1370.82,ESTACIONAMENTO,2026-03-25 19:21:00,7
679,-1450.01,ASSINATURA STREAMING,2026-03-25 22:31:00,8
680,-34.20,DELIVERY,2026-03-25 22:00:00,9
681,-113.39,LOJA DE DEPARTAMENTO,2026-03-26 01:10:00,10
682,-192.58,COMPRA ELETRONICOS,2026-03-26 04:20:00,11
683,-271.77,COMPRA FARMACIA,2026-03-26 07:30:00,1
684,-350.96,COMPRA ECOMMERCE,2026-03-26 10:40:00,2
685,-430.15,SERVICO ONLINE,2026-03-26 13:50:00,3
686,-509.34,CAFETERIA,2026-03-26 17:00:00,4
687,-588.53,LIVRARIA,2026-03-26 20:10:00,5
688,-667.72,COMPRA FARMACIA,2026-03-26 23:20:00,6
689,-746.91,COMPRA ECOMMERCE,2026-03-27 02:30:00,7
690,-826.10,SERVICO ONLINE,2026-03-27 05:40:00,8
691,-905.29,CAFETERIA,2026-03-27 08:50:00,9
692,-984.48,LIVRARIA,2026-03-27 12:00:00,10
693,-1063.67,COMPRA FARMACIA,2026-03-27 15:10:00,11
694,-1142.86,CINEMA,2026-03-27 18:20:00,1
695,-1222.05,ASSINATURA SOFTWARE,2026-03-27 21:30:00,2
696,-1301.24,ACADEMIA,2026-03-28 00:40:00,3
697,-1380.43,POSTO COMBUSTIVEL,2026-03-28 00:09:00,4
698,-1459.62,TRANSPORTE APLICATIVO,2026-03-28 03:19:00,5
699,-43.81,CINEMA,2026-03-28 06:29:00,6
700,-123.00,ASSINATURA SOFTWARE,2026-03-28 09:39:00,7
701,-202.19,ACADEMIA,2026-03-28 12:49:00,8
702,-281.38,POSTO COMBUSTIVEL,2026-03-28 15:59:00,9
703,-360.57,TRANSPORTE APLICATIVO,2026-03-28 19:09:00,10
704,-439.76,CINEMA,2026-03-28 22:19:00,11
705,-518.95,PET SHOP,2026-03-29 01:29:00,1
706,-598.14,RESTAURANTE,2026-03-29 04:39:00,2
707,-677.33,PADARIA,2026-03-29 07:49:00,3
708,-756.52,COMPRA SUPERMERCADO,2026-03-29 10:59:00,4
709,-835.71,COMPRA VESTUARIO,2026-03-29 14:09:00,5
710,-914.90,PET SHOP,2026-03-29 17:19:00,6
711,-994.09,RESTAURANTE,2026-03-29 20:29:00,7
712,-1073.28,PADARIA,2026-03-29 23:39:00,8
713,-1152.47,COMPRA SUPERMERCADO,2026-03-30 02:49:00,9
714,-1231.66,COMPRA VESTUARIO,2026-03-30 02:18:00,10
715,-1310.85,PET SHOP,2026-03-30 05:28:00,11
716,-1390.04,ESTACIONAMENTO,2026-03-30 08:38:00,1
717,-1469.23,ASSINATURA STREAMING,2026-03-30 11:48:00,2
718,-53.42,DELIVERY,2026-03-30 14:58:00,3
719,-132.61,LOJA DE DEPARTAMENTO,2026-03-30 18:08:00,4
720,-211.80,COMPRA ELETRONICOS,2026-03-30 21:18:00,5
721,-290.99,ESTACIONAMENTO,2026-03-31 00:28:00,6
722,-370.18,ASSINATURA STREAMING,2026-03-31 03:38:00,7
723,-449.37,DELIVERY,2026-03-31 06:48:00,8
724,-528.56,LOJA DE DEPARTAMENTO,2026-03-31 09:58:00,9
725,-607.75,COMPRA ELETRONICOS,2026-03-31 13:08:00,10
726,-686.94,ESTACIONAMENTO,2026-03-31 16:18:00,11
727,-766.13,COMPRA ECOMMERCE,2026-03-31 19:28:00,1
728,-845.32,SERVICO ONLINE,2026-03-31 22:38:00,2
729,-924.51,CAFETERIA,2026-04-01 01:48:00,3
730,-1003.70,LIVRARIA,2026-04-01 04:58:00,4
731,-1082.89,COMPRA FARMACIA,2026-04-01 04:27:00,5
732,-1162.08,COMPRA ECOMMERCE,2026-04-01 07:37:00,6
733,-1241.27,SERVICO ONLINE,2026-04-01 10:47:00,7
734,-1320.46,CAFETERIA,2026-04-01 13:57:00,8
735,-1399.65,LIVRARIA,2026-04-01 17:07:00,9
736,-1478.84,COMPRA FARMACIA,2026-04-01 20:17:00,10
737,-63.03,COMPRA ECOMMERCE,2026-04-01 23:27:00,11
738,-142.22,ASSINATURA SOFTWARE,2026-04-02 02:37:00,1
739,-221.41,ACADEMIA,2026-04-02 05:47:00,2
740,-300.60,POSTO COMBUSTIVEL,2026-04-02 08:57:00,3
741,-379.79,TRANSPORTE APLICATIVO,2026-04-02 12:07:00,4
742,-458.98,CINEMA,2026-04-02 15:17:00,5
743,-538.17,ASSINATURA SOFTWARE,2026-04-02 18:27:00,6
744,-617.36,ACADEMIA,2026-04-02 21:37:00,7
745,-696.55,POSTO COMBUSTIVEL,2026-04-03 00:47:00,8
746,-775.74,TRANSPORTE APLICATIVO,2026-04-03 03:57:00,9
747,-854.93,CINEMA,2026-04-03 07:07:00,10
748,-934.12,ASSINATURA SOFTWARE,2026-04-03 06:36:00,11
749,-1013.31,RESTAURANTE,2026-04-03 09:46:00,1
750,-1092.50,PADARIA,2026-04-03 12:56:00,2
751,-1171.69,COMPRA SUPERMERCADO,2026-04-03 16:06:00,3
752,-1250.88,COMPRA VESTUARIO,2026-04-03 19:16:00,4
753,-1330.07,PET SHOP,2026-04-03 22:26:00,5
754,-1409.26,RESTAURANTE,2026-04-04 01:36:00,6
755,-1488.45,PADARIA,2026-04-04 04:46:00,7
756,-72.64,COMPRA SUPERMERCADO,2026-04-04 07:56:00,8
757,-151.83,COMPRA VESTUARIO,2026-04-04 11:06:00,9
758,-231.02,PET SHOP,2026-04-04 14:16:00,10
759,-310.21,RESTAURANTE,2026-04-04 17:26:00,11
760,-389.40,ASSINATURA STREAMING,2026-04-04 20:36:00,1
761,-468.59,DELIVERY,2026-04-04 23:46:00,2
762,-547.78,LOJA DE DEPARTAMENTO,2026-04-05 02:56:00,3
763,-626.97,COMPRA ELETRONICOS,2026-04-05 06:06:00,4
764,-706.16,ESTACIONAMENTO,2026-04-05 09:16:00,5
765,-785.35,ASSINATURA STREAMING,2026-04-05 08:45:00,6
766,-864.54,DELIVERY,2026-04-05 11:55:00,7
767,-943.73,LOJA DE DEPARTAMENTO,2026-04-05 15:05:00,8
768,-1022.92,COMPRA ELETRONICOS,2026-04-05 18:15:00,9
769,-1102.11,ESTACIONAMENTO,2026-04-05 21:25:00,10
770,-1181.30,ASSINATURA STREAMING,2026-04-06 00:35:00,11
771,-1260.49,SERVICO ONLINE,2026-04-06 03:45:00,1
772,-1339.68,CAFETERIA,2026-04-06 06:55:00,2
773,-1418.87,LIVRARIA,2026-04-06 10:05:00,3
774,-1498.06,COMPRA FARMACIA,2026-04-06 13:15:00,4
775,-82.25,COMPRA ECOMMERCE,2026-04-06 16:25:00,5
776,-161.44,SERVICO ONLINE,2026-04-06 19:35:00,6
777,-240.63,CAFETERIA,2026-04-06 22:45:00,7
778,-319.82,LIVRARIA,2026-04-07 01:55:00,8
779,-399.01,COMPRA FARMACIA,2026-04-07 05:05:00,9
780,-478.20,COMPRA ECOMMERCE,2026-04-07 08:15:00,10
781,-557.39,SERVICO ONLINE,2026-04-07 11:25:00,11
782,-636.58,ACADEMIA,2026-04-07 10:54:00,1
783,-715.77,POSTO COMBUSTIVEL,2026-04-07 14:04:00,2
784,-794.96,TRANSPORTE APLICATIVO,2026-04-07 17:14:00,3
785,-874.15,CINEMA,2026-04-07 20:24:00,4
786,-953.34,ASSINATURA SOFTWARE,2026-04-07 23:34:00,5
787,-1032.53,ACADEMIA,2026-04-08 02:44:00,6
788,-1111.72,POSTO COMBUSTIVEL,2026-04-08 05:54:00,7
789,-1190.91,TRANSPORTE APLICATIVO,2026-04-08 09:04:00,8
790,-1270.10,CINEMA,2026-04-08 12:14:00,9
791,-1349.29,ASSINATURA SOFTWARE,2026-04-08 15:24:00,10
792,-1428.48,ACADEMIA,2026-04-08 18:34:00,11
793,-12.67,PADARIA,2026-04-08 21:44:00,1
794,-91.86,COMPRA SUPERMERCADO,2026-04-09 00:54:00,2
795,-171.05,COMPRA VESTUARIO,2026-04-09 04:04:00,3
796,-250.24,PET SHOP,2026-04-09 07:14:00,4
797,-329.43,RESTAURANTE,2026-04-09 10:24:00,5
798,-408.62,PADARIA,2026-04-09 13:34:00,6
799,-487.81,COMPRA SUPERMERCADO,2026-04-09 13:03:00,7
800,-567.00,COMPRA VESTUARIO,2026-04-09 16:13:00,8
801,-646.19,PET SHOP,2026-04-09 19:23:00,9
802,-725.38,RESTAURANTE,2026-04-09 22:33:00,10
803,-804.57,PADARIA,2026-04-10 01:43:00,11
804,-883.76,DELIVERY,2026-04-10 04:53:00,1
805,-962.95,LOJA DE DEPARTAMENTO,2026-04-10 08:03:00,2
806,-1042.14,COMPRA ELETRONICOS,2026-04-10 11:13:00,3
807,-1121.33,ESTACIONAMENTO,2026-04-10 14:23:00,4
808,-1200.52,ASSINATURA STREAMING,2026-04-10 17:33:00,5
809,-1279.71,DELIVERY,2026-04-10 20:43:00,6
810,-1358.90,LOJA DE DEPARTAMENTO,2026-04-10 23:53:00,7
811,-1438.09,COMPRA ELETRONICOS,2026-04-11 03:03:00,8
812,-22.28,ESTACIONAMENTO,2026-04-11 06:13:00,9
813,-101.47,ASSINATURA STREAMING,2026-04-11 09:23:00,10
814,-180.66,DELIVERY,2026-04-11 12:33:00,11
815,-259.85,CAFETERIA,2026-04-11 15:43:00,1
816,-339.04,LIVRARIA,2026-04-11 15:12:00,2
817,-418.23,COMPRA FARMACIA,2026-04-11 18:22:00,3
818,-497.42,COMPRA ECOMMERCE,2026-04-11 21:32:00,4
819,-576.61,SERVICO ONLINE,2026-04-12 00:42:00,5
820,-655.80,CAFETERIA,2026-04-12 03:52:00,6
821,-734.99,LIVRARIA,2026-04-12 07:02:00,7
822,-814.18,COMPRA FARMACIA,2026-04-12 10:12:00,8
823,-893.37,COMPRA ECOMMERCE,2026-04-12 13:22:00,9
824,-972.56,SERVICO ONLINE,2026-04-12 16:32:00,10
825,-1051.75,CAFETERIA,2026-04-12 19:42:00,11
826,-1130.94,POSTO COMBUSTIVEL,2026-04-12 22:52:00,1
827,-1210.13,TRANSPORTE APLICATIVO,2026-04-13 02:02:00,2
828,-1289.32,CINEMA,2026-04-13 05:12:00,3
829,-1368.51,ASSINATURA SOFTWARE,2026-04-13 08:22:00,4
830,-1447.70,ACADEMIA,2026-04-13 11:32:00,5
831,-31.89,POSTO COMBUSTIVEL,2026-04-13 14:42:00,6
832,-111.08,TRANSPORTE APLICATIVO,2026-04-13 17:52:00,7
833,-190.27,CINEMA,2026-04-13 17:21:00,8
834,-269.46,ASSINATURA SOFTWARE,2026-04-13 20:31:00,9
835,-348.65,ACADEMIA,2026-04-13 23:41:00,10
836,-427.84,POSTO COMBUSTIVEL,2026-04-14 02:51:00,11
837,-507.03,COMPRA SUPERMERCADO,2026-04-14 06:01:00,1
838,-586.22,COMPRA VESTUARIO,2026-04-14 09:11:00,2
839,-665.41,PET SHOP,2026-04-14 12:21:00,3
840,-744.60,RESTAURANTE,2026-04-14 15:31:00,4
841,-823.79,PADARIA,2026-04-14 18:41:00,5
842,-902.98,COMPRA SUPERMERCADO,2026-04-14 21:51:00,6
843,-982.17,COMPRA VESTUARIO,2026-04-15 01:01:00,7
844,-1061.36,PET SHOP,2026-04-15 04:11:00,8
845,-1140.55,RESTAURANTE,2026-04-15 07:21:00,9
846,-1219.74,PADARIA,2026-04-15 10:31:00,10
847,-1298.93,COMPRA SUPERMERCADO,2026-04-15 13:41:00,11
848,-1378.12,LOJA DE DEPARTAMENTO,2026-04-15 16:51:00,1
849,-1457.31,COMPRA ELETRONICOS,2026-04-15 20:01:00,2
850,-41.50,ESTACIONAMENTO,2026-04-15 19:30:00,3
851,-120.69,ASSINATURA STREAMING,2026-04-15 22:40:00,4
852,-199.88,DELIVERY,2026-04-16 01:50:00,5
853,-279.07,LOJA DE DEPARTAMENTO,2026-04-16 05:00:00,6
854,-358.26,COMPRA ELETRONICOS,2026-04-16 08:10:00,7
855,-437.45,ESTACIONAMENTO,2026-04-16 11:20:00,8
856,-516.64,ASSINATURA STREAMING,2026-04-16 14:30:00,9
857,-595.83,DELIVERY,2026-04-16 17:40:00,10
858,-675.02,LOJA DE DEPARTAMENTO,2026-04-16 20:50:00,11
859,-754.21,LIVRARIA,2026-04-17 00:00:00,1
860,-833.40,COMPRA FARMACIA,2026-04-17 03:10:00,2
861,-912.59,COMPRA ECOMMERCE,2026-04-17 06:20:00,3
862,-991.78,SERVICO ONLINE,2026-04-17 09:30:00,4
863,-1070.97,CAFETERIA,2026-04-17 12:40:00,5
864,-1150.16,LIVRARIA,2026-04-17 15:50:00,6
865,-1229.35,COMPRA FARMACIA,2026-04-17 19:00:00,7
866,-1308.54,COMPRA ECOMMERCE,2026-04-17 22:10:00,8
867,-1387.73,SERVICO ONLINE,2026-04-17 21:39:00,9
868,-1466.92,CAFETERIA,2026-04-18 00:49:00,10
869,-51.11,LIVRARIA,2026-04-18 03:59:00,11
870,-130.30,TRANSPORTE APLICATIVO,2026-04-18 07:09:00,1
871,-209.49,CINEMA,2026-04-18 10:19:00,2
872,-288.68,ASSINATURA SOFTWARE,2026-04-18 13:29:00,3
873,-367.87,ACADEMIA,2026-04-18 16:39:00,4
874,-447.06,POSTO COMBUSTIVEL,2026-04-18 19:49:00,5
875,-526.25,TRANSPORTE APLICATIVO,2026-04-18 22:59:00,6
876,-605.44,CINEMA,2026-04-19 02:09:00,7
877,-684.63,ASSINATURA SOFTWARE,2026-04-19 05:19:00,8
878,-763.82,ACADEMIA,2026-04-19 08:29:00,9
879,-843.01,POSTO COMBUSTIVEL,2026-04-19 11:39:00,10
880,-922.20,TRANSPORTE APLICATIVO,2026-04-19 14:49:00,11
881,-1001.39,COMPRA VESTUARIO,2026-04-19 17:59:00,1
882,-1080.58,PET SHOP,2026-04-19 21:09:00,2
883,-1159.77,RESTAURANTE,2026-04-20 00:19:00,3
884,-1238.96,PADARIA,2026-04-19 23:48:00,4
885,-1318.15,COMPRA SUPERMERCADO,2026-04-20 02:58:00,5
886,-1397.34,COMPRA VESTUARIO,2026-04-20 06:08:00,6
887,-1476.53,PET SHOP,2026-04-20 09:18:00,7
888,-60.72,RESTAURANTE,2026-04-20 12:28:00,8
889,-139.91,PADARIA,2026-04-20 15:38:00,9
890,-219.10,COMPRA SUPERMERCADO,2026-04-20 18:48:00,10
891,-298.29,COMPRA VESTUARIO,2026-04-20 21:58:00,11
892,-377.48,COMPRA ELETRONICOS,2026-04-21 01:08:00,1
893,-456.67,ESTACIONAMENTO,2026-04-21 04:18:00,2
894,-535.86,ASSINATURA STREAMING,2026-04-21 07:28:00,3
895,-615.05,DELIVERY,2026-04-21 10:38:00,4
896,-694.24,LOJA DE DEPARTAMENTO,2026-04-21 13:48:00,5
897,-773.43,COMPRA ELETRONICOS,2026-04-21 16:58:00,6
898,-852.62,ESTACIONAMENTO,2026-04-21 20:08:00,7
899,-931.81,ASSINATURA STREAMING,2026-04-21 23:18:00,8
900,-1011.00,DELIVERY,2026-04-22 02:28:00,9
901,-1090.19,LOJA DE DEPARTAMENTO,2026-04-22 01:57:00,10
902,-1169.38,COMPRA ELETRONICOS,2026-04-22 05:07:00,11
903,-1248.57,COMPRA FARMACIA,2026-04-22 08:17:00,1
904,-1327.76,COMPRA ECOMMERCE,2026-04-22 11:27:00,2
905,-1406.95,SERVICO ONLINE,2026-04-22 14:37:00,3
906,-1486.14,CAFETERIA,2026-04-22 17:47:00,4
907,-70.33,LIVRARIA,2026-04-22 20:57:00,5
908,-149.52,COMPRA FARMACIA,2026-04-23 00:07:00,6
909,-228.71,COMPRA ECOMMERCE,2026-04-23 03:17:00,7
910,-307.90,SERVICO ONLINE,2026-04-23 06:27:00,8
911,-387.09,CAFETERIA,2026-04-23 09:37:00,9
912,-466.28,LIVRARIA,2026-04-23 12:47:00,10
913,-545.47,COMPRA FARMACIA,2026-04-23 15:57:00,11
914,-624.66,CINEMA,2026-04-23 19:07:00,1
915,-703.85,ASSINATURA SOFTWARE,2026-04-23 22:17:00,2
916,-783.04,ACADEMIA,2026-04-24 01:27:00,3
917,-862.23,POSTO COMBUSTIVEL,2026-04-24 04:37:00,4
918,-941.42,TRANSPORTE APLICATIVO,2026-04-24 04:06:00,5
919,-1020.61,CINEMA,2026-04-24 07:16:00,6
920,-1099.80,ASSINATURA SOFTWARE,2026-04-24 10:26:00,7
921,-1178.99,ACADEMIA,2026-04-24 13:36:00,8
922,-1258.18,POSTO COMBUSTIVEL,2026-04-24 16:46:00,9
923,-1337.37,TRANSPORTE APLICATIVO,2026-04-24 19:56:00,10
924,-1416.56,CINEMA,2026-04-24 23:06:00,11
925,-1495.75,PET SHOP,2026-04-25 02:16:00,1
926,-79.94,RESTAURANTE,2026-04-25 05:26:00,2
927,-159.13,PADARIA,2026-04-25 08:36:00,3
928,-238.32,COMPRA SUPERMERCADO,2026-04-25 11:46:00,4
929,-317.51,COMPRA VESTUARIO,2026-04-25 14:56:00,5
930,-396.70,PET SHOP,2026-04-25 18:06:00,6
931,-475.89,RESTAURANTE,2026-04-25 21:16:00,7
932,-555.08,PADARIA,2026-04-26 00:26:00,8
933,-634.27,COMPRA SUPERMERCADO,2026-04-26 03:36:00,9
934,-713.46,COMPRA VESTUARIO,2026-04-26 06:46:00,10
935,-792.65,PET SHOP,2026-04-26 06:15:00,11
936,-871.84,ESTACIONAMENTO,2026-04-26 09:25:00,1
937,-951.03,ASSINATURA STREAMING,2026-04-26 12:35:00,2
938,-1030.22,DELIVERY,2026-04-26 15:45:00,3
939,-1109.41,LOJA DE DEPARTAMENTO,2026-04-26 18:55:00,4
940,-1188.60,COMPRA ELETRONICOS,2026-04-26 22:05:00,5
941,-1267.79,ESTACIONAMENTO,2026-04-27 01:15:00,6
942,-1346.98,ASSINATURA STREAMING,2026-04-27 04:25:00,7
943,-1426.17,DELIVERY,2026-04-27 07:35:00,8
944,-10.36,LOJA DE DEPARTAMENTO,2026-04-27 10:45:00,9
945,-89.55,COMPRA ELETRONICOS,2026-04-27 13:55:00,10
946,-168.74,ESTACIONAMENTO,2026-04-27 17:05:00,11
947,-247.93,COMPRA ECOMMERCE,2026-04-27 20:15:00,1
948,-327.12,SERVICO ONLINE,2026-04-27 23:25:00,2
949,-406.31,CAFETERIA,2026-04-28 02:35:00,3
950,-485.50,LIVRARIA,2026-04-28 05:45:00,4
951,-564.69,COMPRA FARMACIA,2026-04-28 08:55:00,5
952,-643.88,COMPRA ECOMMERCE,2026-04-28 08:24:00,6
953,-723.07,SERVICO ONLINE,2026-04-28 11:34:00,7
954,-802.26,CAFETERIA,2026-04-28 14:44:00,8
955,-881.45,LIVRARIA,2026-04-28 17:54:00,9
956,-960.64,COMPRA FARMACIA,2026-04-28 21:04:00,10
957,-1039.83,COMPRA ECOMMERCE,2026-04-29 00:14:00,11
958,-1119.02,ASSINATURA SOFTWARE,2026-04-29 03:24:00,1
959,-1198.21,ACADEMIA,2026-04-29 06:34:00,2
960,-1277.40,POSTO COMBUSTIVEL,2026-04-29 09:44:00,3
961,-1356.59,TRANSPORTE APLICATIVO,2026-04-29 12:54:00,4
962,-1435.78,CINEMA,2026-04-29 16:04:00,5
963,-19.97,ASSINATURA SOFTWARE,2026-04-29 19:14:00,6
964,-99.16,ACADEMIA,2026-04-29 22:24:00,7
965,-178.35,POSTO COMBUSTIVEL,2026-04-30 01:34:00,8
966,-257.54,TRANSPORTE APLICATIVO,2026-04-30 04:44:00,9
967,-336.73,CINEMA,2026-04-30 07:54:00,10
968,-415.92,ASSINATURA SOFTWARE,2026-04-30 11:04:00,11
969,-495.11,RESTAURANTE,2026-04-30 10:33:00,1
970,-574.30,PADARIA,2026-04-30 13:43:00,2
971,-653.49,COMPRA SUPERMERCADO,2026-04-30 16:53:00,3
972,-732.68,COMPRA VESTUARIO,2026-04-30 20:03:00,4
973,-811.87,PET SHOP,2026-04-30 23:13:00,5
974,-891.06,RESTAURANTE,2026-05-01 02:23:00,6
975,-970.25,PADARIA,2026-05-01 05:33:00,7
976,-1049.44,COMPRA SUPERMERCADO,2026-05-01 08:43:00,8
977,-1128.63,COMPRA VESTUARIO,2026-05-01 11:53:00,9
978,-1207.82,PET SHOP,2026-05-01 15:03:00,10
979,-1287.01,RESTAURANTE,2026-05-01 18:13:00,11
980,-1366.20,ASSINATURA STREAMING,2026-05-01 21:23:00,1
981,-1445.39,DELIVERY,2026-05-02 00:33:00,2
982,-29.58,LOJA DE DEPARTAMENTO,2026-05-02 03:43:00,3
983,-108.77,COMPRA ELETRONICOS,2026-05-02 06:53:00,4
984,-187.96,ESTACIONAMENTO,2026-05-02 10:03:00,5
985,-267.15,ASSINATURA STREAMING,2026-05-02 13:13:00,6
986,-346.34,DELIVERY,2026-05-02 12:42:00,7
987,-425.53,LOJA DE DEPARTAMENTO,2026-05-02 15:52:00,8
988,-504.72,COMPRA ELETRONICOS,2026-05-02 19:02:00,9
989,-583.91,ESTACIONAMENTO,2026-05-02 22:12:00,10
990,-663.10,ASSINATURA STREAMING,2026-05-03 01:22:00,11
991,-742.29,SERVICO ONLINE,2026-05-03 04:32:00,1
992,-821.48,CAFETERIA,2026-05-03 07:42:00,2
993,-900.67,LIVRARIA,2026-05-03 10:52:00,3
994,-979.86,COMPRA FARMACIA,2026-05-03 14:02:00,4
995,-1059.05,COMPRA ECOMMERCE,2026-05-03 17:12:00,5
996,-1138.24,SERVICO ONLINE,2026-05-03 20:22:00,6
997,-1217.43,CAFETERIA,2026-05-03 23:32:00,7
998,-1296.62,LIVRARIA,2026-05-04 02:42:00,8
999,-1375.81,COMPRA FARMACIA,2026-05-04 05:52:00,9
1000,-1455.00,COMPRA ECOMMERCE,2026-05-04 09:02:00,10
1001,-39.19,SERVICO ONLINE,2026-05-04 12:12:00,11
1002,-118.38,ACADEMIA,2026-05-04 15:22:00,1
1003,-197.57,POSTO COMBUSTIVEL,2026-05-04 14:51:00,2
1004,-276.76,TRANSPORTE APLICATIVO,2026-05-04 18:01:00,3
1005,-355.95,CINEMA,2026-05-04 21:11:00,4
1006,-435.14,ASSINATURA SOFTWARE,2026-05-05 00:21:00,5
1007,-514.33,ACADEMIA,2026-05-05 03:31:00,6
1008,-593.52,POSTO COMBUSTIVEL,2026-05-05 06:41:00,7
1009,-672.71,TRANSPORTE APLICATIVO,2026-05-05 09:51:00,8
1010,-751.90,CINEMA,2026-05-05 13:01:00,9
1011,-831.09,ASSINATURA SOFTWARE,2026-05-05 16:11:00,10
1012,-910.28,ACADEMIA,2026-05-05 19:21:00,11
1013,-989.47,PADARIA,2026-05-05 22:31:00,1
1014,-1068.66,COMPRA SUPERMERCADO,2026-05-06 01:41:00,2
1015,-1147.85,COMPRA VESTUARIO,2026-05-06 04:51:00,3
1016,-1227.04,PET SHOP,2026-05-06 08:01:00,4
1017,-1306.23,RESTAURANTE,2026-05-06 11:11:00,5
1018,-1385.42,PADARIA,2026-05-06 14:21:00,6
1019,-1464.61,COMPRA SUPERMERCADO,2026-05-06 17:31:00,7
1020,-48.80,COMPRA VESTUARIO,2026-05-06 17:00:00,8
1021,-127.99,PET SHOP,2026-05-06 20:10:00,9
1022,-207.18,RESTAURANTE,2026-05-06 23:20:00,10
1023,-286.37,PADARIA,2026-05-07 02:30:00,11
1024,-365.56,DELIVERY,2026-05-07 05:40:00,1
1025,-444.75,LOJA DE DEPARTAMENTO,2026-05-07 08:50:00,2
1026,-523.94,COMPRA ELETRONICOS,2026-05-07 12:00:00,3
1027,-603.13,ESTACIONAMENTO,2026-05-07 15:10:00,4
1028,-682.32,ASSINATURA STREAMING,2026-05-07 18:20:00,5
1029,-761.51,DELIVERY,2026-05-07 21:30:00,6
1030,-840.70,LOJA DE DEPARTAMENTO,2026-05-08 00:40:00,7
1031,-919.89,COMPRA ELETRONICOS,2026-05-08 03:50:00,8
1032,-999.08,ESTACIONAMENTO,2026-05-08 07:00:00,9
1033,-1078.27,ASSINATURA STREAMING,2026-05-08 10:10:00,10
1034,-1157.46,DELIVERY,2026-05-08 13:20:00,11
1035,-1236.65,CAFETERIA,2026-05-08 16:30:00,1
1036,-1315.84,LIVRARIA,2026-05-08 19:40:00,2
1037,-1395.03,COMPRA FARMACIA,2026-05-08 19:09:00,3
1038,-1474.22,COMPRA ECOMMERCE,2026-05-08 22:19:00,4
1039,-58.41,SERVICO ONLINE,2026-05-09 01:29:00,5
1040,-137.60,CAFETERIA,2026-05-09 04:39:00,6
1041,-216.79,LIVRARIA,2026-05-09 07:49:00,7
1042,-295.98,COMPRA FARMACIA,2026-05-09 10:59:00,8
1043,-375.17,COMPRA ECOMMERCE,2026-05-09 14:09:00,9
1044,-454.36,SERVICO ONLINE,2026-05-09 17:19:00,10
1045,-533.55,CAFETERIA,2026-05-09 20:29:00,11
1046,-612.74,POSTO COMBUSTIVEL,2026-05-09 23:39:00,1
1047,-691.93,TRANSPORTE APLICATIVO,2026-05-10 02:49:00,2
1048,-771.12,CINEMA,2026-05-10 05:59:00,3
1049,-850.31,ASSINATURA SOFTWARE,2026-05-10 09:09:00,4
1050,-929.50,ACADEMIA,2026-05-10 12:19:00,5
1051,-1008.69,POSTO COMBUSTIVEL,2026-05-10 15:29:00,6
1052,-1087.88,TRANSPORTE APLICATIVO,2026-05-10 18:39:00,7
1053,-1167.07,CINEMA,2026-05-10 21:49:00,8
1054,-1246.26,ASSINATURA SOFTWARE,2026-05-10 21:18:00,9
1055,-1325.45,ACADEMIA,2026-05-11 00:28:00,10
1056,-1404.64,POSTO COMBUSTIVEL,2026-05-11 03:38:00,11
1057,-1483.83,COMPRA SUPERMERCADO,2026-05-11 06:48:00,1
1058,-68.02,COMPRA VESTUARIO,2026-05-11 09:58:00,2
1059,-147.21,PET SHOP,2026-05-11 13:08:00,3
1060,-226.40,RESTAURANTE,2026-05-11 16:18:00,4
1061,-305.59,PADARIA,2026-05-11 19:28:00,5
1062,-384.78,COMPRA SUPERMERCADO,2026-05-11 22:38:00,6
1063,-463.97,COMPRA VESTUARIO,2026-05-12 01:48:00,7
1064,-543.16,PET SHOP,2026-05-12 04:58:00,8
1065,-622.35,RESTAURANTE,2026-05-12 08:08:00,9
1066,-701.54,PADARIA,2026-05-12 11:18:00,10
1067,-780.73,COMPRA SUPERMERCADO,2026-05-12 14:28:00,11
1068,-859.92,LOJA DE DEPARTAMENTO,2026-05-12 17:38:00,1
1069,-939.11,COMPRA ELETRONICOS,2026-05-12 20:48:00,2
1070,-1018.30,ESTACIONAMENTO,2026-05-12 23:58:00,3
1071,-1097.49,ASSINATURA STREAMING,2026-05-12 23:27:00,4
1072,-1176.68,DELIVERY,2026-05-13 02:37:00,5
1073,-1255.87,LOJA DE DEPARTAMENTO,2026-05-13 05:47:00,6
1074,-1335.06,COMPRA ELETRONICOS,2026-05-13 08:57:00,7
1075,-1414.25,ESTACIONAMENTO,2026-05-13 12:07:00,8
1076,-1493.44,ASSINATURA STREAMING,2026-05-13 15:17:00,9
1077,-77.63,DELIVERY,2026-05-13 18:27:00,10
1078,-156.82,LOJA DE DEPARTAMENTO,2026-05-13 21:37:00,11
1079,-236.01,LIVRARIA,2026-05-14 00:47:00,1
1080,-315.20,COMPRA FARMACIA,2026-05-14 03:57:00,2
1081,-394.39,COMPRA ECOMMERCE,2026-05-14 07:07:00,3
1082,-473.58,SERVICO ONLINE,2026-05-14 10:17:00,4
1083,-552.77,CAFETERIA,2026-05-14 13:27:00,5
1084,-631.96,LIVRARIA,2026-05-14 16:37:00,6
1085,-711.15,COMPRA FARMACIA,2026-05-14 19:47:00,7
1086,-790.34,COMPRA ECOMMERCE,2026-05-14 22:57:00,8
1087,-869.53,SERVICO ONLINE,2026-05-15 02:07:00,9
1088,-948.72,CAFETERIA,2026-05-15 01:36:00,10
1089,-1027.91,LIVRARIA,2026-05-15 04:46:00,11
1090,-1107.10,TRANSPORTE APLICATIVO,2026-05-15 07:56:00,1
1091,-1186.29,CINEMA,2026-05-15 11:06:00,2
1092,-1265.48,ASSINATURA SOFTWARE,2026-05-15 14:16:00,3
1093,-1344.67,ACADEMIA,2026-05-15 17:26:00,4
1094,-1423.86,POSTO COMBUSTIVEL,2026-05-15 20:36:00,5
1095,-8.05,TRANSPORTE APLICATIVO,2026-05-15 23:46:00,6
1096,-87.24,CINEMA,2026-05-16 02:56:00,7
1097,-166.43,ASSINATURA SOFTWARE,2026-05-16 06:06:00,8
1098,-245.62,ACADEMIA,2026-05-16 09:16:00,9
1099,-324.81,POSTO COMBUSTIVEL,2026-05-16 12:26:00,10
1100,-404.00,TRANSPORTE APLICATIVO,2026-05-16 15:36:00,11
1101,-483.19,COMPRA VESTUARIO,2026-05-16 18:46:00,1
1102,-562.38,PET SHOP,2026-05-16 21:56:00,2
1103,-641.57,RESTAURANTE,2026-05-17 01:06:00,3
1104,-720.76,PADARIA,2026-05-17 04:16:00,4
1105,-799.95,COMPRA SUPERMERCADO,2026-05-17 03:45:00,5
1106,-879.14,COMPRA VESTUARIO,2026-05-17 06:55:00,6
1107,-958.33,PET SHOP,2026-05-17 10:05:00,7
1108,-1037.52,RESTAURANTE,2026-05-17 13:15:00,8
1109,-1116.71,PADARIA,2026-05-17 16:25:00,9
1110,-1195.90,COMPRA SUPERMERCADO,2026-05-17 19:35:00,10
1111,-1275.09,COMPRA VESTUARIO,2026-05-17 22:45:00,11
1112,-1354.28,COMPRA ELETRONICOS,2026-05-18 01:55:00,1
1113,-1433.47,ESTACIONAMENTO,2026-05-18 05:05:00,2
1114,-17.66,ASSINATURA STREAMING,2026-05-18 08:15:00,3
1115,-96.85,DELIVERY,2026-05-18 11:25:00,4
1116,-176.04,LOJA DE DEPARTAMENTO,2026-05-18 14:35:00,5
1117,-255.23,COMPRA ELETRONICOS,2026-05-18 17:45:00,6
1118,-334.42,ESTACIONAMENTO,2026-05-18 20:55:00,7
1119,-413.61,ASSINATURA STREAMING,2026-05-19 00:05:00,8
1120,-492.80,DELIVERY,2026-05-19 03:15:00,9
1121,-571.99,LOJA DE DEPARTAMENTO,2026-05-19 06:25:00,10
1122,-651.18,COMPRA ELETRONICOS,2026-05-19 05:54:00,11
1123,-730.37,COMPRA FARMACIA,2026-05-19 09:04:00,1
1124,-809.56,COMPRA ECOMMERCE,2026-05-19 12:14:00,2
1125,-888.75,SERVICO ONLINE,2026-05-19 15:24:00,3
1126,-967.94,CAFETERIA,2026-05-19 18:34:00,4
1127,-1047.13,LIVRARIA,2026-05-19 21:44:00,5
1128,-1126.32,COMPRA FARMACIA,2026-05-20 00:54:00,6
1129,-1205.51,COMPRA ECOMMERCE,2026-05-20 04:04:00,7
1130,-1284.70,SERVICO ONLINE,2026-05-20 07:14:00,8
1131,-1363.89,CAFETERIA,2026-05-20 10:24:00,9
1132,-1443.08,LIVRARIA,2026-05-20 13:34:00,10
1133,-27.27,COMPRA FARMACIA,2026-05-20 16:44:00,11
1134,-106.46,CINEMA,2026-05-20 19:54:00,1
1135,-185.65,ASSINATURA SOFTWARE,2026-05-20 23:04:00,2
1136,-264.84,ACADEMIA,2026-05-21 02:14:00,3
1137,-344.03,POSTO COMBUSTIVEL,2026-05-21 05:24:00,4
1138,-423.22,TRANSPORTE APLICATIVO,2026-05-21 08:34:00,5
1139,-502.41,CINEMA,2026-05-21 08:03:00,6
1140,-581.60,ASSINATURA SOFTWARE,2026-05-21 11:13:00,7
1141,-660.79,ACADEMIA,2026-05-21 14:23:00,8
1142,-739.98,POSTO COMBUSTIVEL,2026-05-21 17:33:00,9
1143,-819.17,TRANSPORTE APLICATIVO,2026-05-21 20:43:00,10
1144,-898.36,CINEMA,2026-05-21 23:53:00,11
1145,-977.55,PET SHOP,2026-05-22 03:03:00,1
1146,-1056.74,RESTAURANTE,2026-05-22 06:13:00,2
1147,-1135.93,PADARIA,2026-05-22 09:23:00,3
1148,-1215.12,COMPRA SUPERMERCADO,2026-05-22 12:33:00,4
1149,-1294.31,COMPRA VESTUARIO,2026-05-22 15:43:00,5
1150,-1373.50,PET SHOP,2026-05-22 18:53:00,6
1151,-1452.69,RESTAURANTE,2026-05-22 22:03:00,7
1152,-36.88,PADARIA,2026-05-23 01:13:00,8
1153,-116.07,COMPRA SUPERMERCADO,2026-05-23 04:23:00,9
1154,-195.26,COMPRA VESTUARIO,2026-05-23 07:33:00,10
1155,-274.45,PET SHOP,2026-05-23 10:43:00,11
1156,-353.64,ESTACIONAMENTO,2026-05-23 10:12:00,1
1157,-432.83,ASSINATURA STREAMING,2026-05-23 13:22:00,2
1158,-512.02,DELIVERY,2026-05-23 16:32:00,3
1159,-591.21,LOJA DE DEPARTAMENTO,2026-05-23 19:42:00,4
1160,-670.40,COMPRA ELETRONICOS,2026-05-23 22:52:00,5
1161,-749.59,ESTACIONAMENTO,2026-05-24 02:02:00,6
1162,-828.78,ASSINATURA STREAMING,2026-05-24 05:12:00,7
1163,-907.97,DELIVERY,2026-05-24 08:22:00,8
1164,-987.16,LOJA DE DEPARTAMENTO,2026-05-24 11:32:00,9
1165,-1066.35,COMPRA ELETRONICOS,2026-05-24 14:42:00,10
1166,-1145.54,ESTACIONAMENTO,2026-05-24 17:52:00,11
1167,-1224.73,COMPRA ECOMMERCE,2026-05-24 21:02:00,1
1168,-1303.92,SERVICO ONLINE,2026-05-25 00:12:00,2
1169,-1383.11,CAFETERIA,2026-05-25 03:22:00,3
1170,-1462.30,LIVRARIA,2026-05-25 06:32:00,4
1171,-46.49,COMPRA FARMACIA,2026-05-25 09:42:00,5
1172,-125.68,COMPRA ECOMMERCE,2026-05-25 12:52:00,6
1173,-204.87,SERVICO ONLINE,2026-05-25 12:21:00,7
1174,-284.06,CAFETERIA,2026-05-25 15:31:00,8
1175,-363.25,LIVRARIA,2026-05-25 18:41:00,9
1176,-442.44,COMPRA FARMACIA,2026-05-25 21:51:00,10
1177,-521.63,COMPRA ECOMMERCE,2026-05-26 01:01:00,11
1178,-600.82,ASSINATURA SOFTWARE,2026-05-26 04:11:00,1
1179,-680.01,ACADEMIA,2026-05-26 07:21:00,2
1180,-759.20,POSTO COMBUSTIVEL,2026-05-26 10:31:00,3
1181,-838.39,TRANSPORTE APLICATIVO,2026-05-26 13:41:00,4
1182,-917.58,CINEMA,2026-05-26 16:51:00,5
1183,-996.77,ASSINATURA SOFTWARE,2026-05-26 20:01:00,6
1184,-1075.96,ACADEMIA,2026-05-26 23:11:00,7
1185,-1155.15,POSTO COMBUSTIVEL,2026-05-27 02:21:00,8
1186,-1234.34,TRANSPORTE APLICATIVO,2026-05-27 05:31:00,9
1187,-1313.53,CINEMA,2026-05-27 08:41:00,10
1188,-1392.72,ASSINATURA SOFTWARE,2026-05-27 11:51:00,11
1189,-1471.91,RESTAURANTE,2026-05-27 15:01:00,1
1190,-56.10,PADARIA,2026-05-27 14:30:00,2
1191,-135.29,COMPRA SUPERMERCADO,2026-05-27 17:40:00,3
1192,-214.48,COMPRA VESTUARIO,2026-05-27 20:50:00,4
1193,-293.67,PET SHOP,2026-05-28 00:00:00,5
1194,-372.86,RESTAURANTE,2026-05-28 03:10:00,6
1195,-452.05,PADARIA,2026-05-28 06:20:00,7
1196,-531.24,COMPRA SUPERMERCADO,2026-05-28 09:30:00,8
1197,-610.43,COMPRA VESTUARIO,2026-05-28 12:40:00,9
1198,-689.62,PET SHOP,2026-05-28 15:50:00,10
1199,-768.81,RESTAURANTE,2026-05-28 19:00:00,11
1200,-848.00,ASSINATURA STREAMING,2026-05-28 22:10:00,1
1201,-927.19,DELIVERY,2026-05-29 01:20:00,2
1202,-1006.38,LOJA DE DEPARTAMENTO,2026-05-29 04:30:00,3
1203,-1085.57,COMPRA ELETRONICOS,2026-05-29 07:40:00,4
1204,-1164.76,ESTACIONAMENTO,2026-05-29 10:50:00,5
1205,-1243.95,ASSINATURA STREAMING,2026-05-29 14:00:00,6
1206,-1323.14,DELIVERY,2026-05-29 17:10:00,7
1207,-1402.33,LOJA DE DEPARTAMENTO,2026-05-29 16:39:00,8
1208,-1481.52,COMPRA ELETRONICOS,2026-05-29 19:49:00,9
1209,-65.71,ESTACIONAMENTO,2026-05-29 22:59:00,10
1210,-144.90,ASSINATURA STREAMING,2026-05-30 02:09:00,11
1211,-224.09,SERVICO ONLINE,2026-05-30 05:19:00,1
1212,-303.28,CAFETERIA,2026-05-30 08:29:00,2
1213,-382.47,LIVRARIA,2026-05-30 11:39:00,3
1214,-461.66,COMPRA FARMACIA,2026-05-30 14:49:00,4
1215,-540.85,COMPRA ECOMMERCE,2026-05-30 17:59:00,5
1216,-620.04,SERVICO ONLINE,2026-05-30 21:09:00,6
1217,-699.23,CAFETERIA,2026-05-31 00:19:00,7
1218,-778.42,LIVRARIA,2026-05-31 03:29:00,8
1219,-857.61,COMPRA FARMACIA,2026-05-31 06:39:00,9
1220,-936.80,COMPRA ECOMMERCE,2026-05-31 09:49:00,10
1221,-1015.99,SERVICO ONLINE,2026-05-31 12:59:00,11
1222,-1095.18,ACADEMIA,2026-05-31 16:09:00,1
1223,-1174.37,POSTO COMBUSTIVEL,2026-05-31 19:19:00,2
1224,-1253.56,TRANSPORTE APLICATIVO,2026-05-31 18:48:00,3
1225,-1332.75,CINEMA,2026-05-31 21:58:00,4
1226,-1411.94,ASSINATURA SOFTWARE,2026-06-01 01:08:00,5
1227,-1491.13,ACADEMIA,2026-06-01 04:18:00,6
1228,-75.32,POSTO COMBUSTIVEL,2026-06-01 07:28:00,7
1229,-154.51,TRANSPORTE APLICATIVO,2026-06-01 10:38:00,8
1230,-233.70,CINEMA,2026-06-01 13:48:00,9
1231,-312.89,ASSINATURA SOFTWARE,2026-06-01 16:58:00,10
1232,-392.08,ACADEMIA,2026-06-01 20:08:00,11
1233,-471.27,PADARIA,2026-06-01 23:18:00,1
1234,-550.46,COMPRA SUPERMERCADO,2026-06-02 02:28:00,2
1235,-629.65,COMPRA VESTUARIO,2026-06-02 05:38:00,3
1236,-708.84,PET SHOP,2026-06-02 08:48:00,4
1237,-788.03,RESTAURANTE,2026-06-02 11:58:00,5
1238,-867.22,PADARIA,2026-06-02 15:08:00,6
1239,-946.41,COMPRA SUPERMERCADO,2026-06-02 18:18:00,7
1240,-1025.60,COMPRA VESTUARIO,2026-06-02 21:28:00,8
1241,-1104.79,PET SHOP,2026-06-02 20:57:00,9
1242,-1183.98,RESTAURANTE,2026-06-03 00:07:00,10
1243,-1263.17,PADARIA,2026-06-03 03:17:00,11
1244,-1342.36,DELIVERY,2026-06-03 06:27:00,1
1245,-1421.55,LOJA DE DEPARTAMENTO,2026-06-03 09:37:00,2
1246,-5.74,COMPRA ELETRONICOS,2026-06-03 12:47:00,3
1247,-84.93,ESTACIONAMENTO,2026-06-03 15:57:00,4
1248,-164.12,ASSINATURA STREAMING,2026-06-03 19:07:00,5
1249,-243.31,DELIVERY,2026-06-03 22:17:00,6
1250,-322.50,LOJA DE DEPARTAMENTO,2026-06-04 01:27:00,7
1251,-401.69,COMPRA ELETRONICOS,2026-06-04 04:37:00,8
1252,-480.88,ESTACIONAMENTO,2026-06-04 07:47:00,9
1253,-560.07,ASSINATURA STREAMING,2026-06-04 10:57:00,10
1254,-639.26,DELIVERY,2026-06-04 14:07:00,11
1255,-718.45,CAFETERIA,2026-06-04 17:17:00,1
1256,-797.64,LIVRARIA,2026-06-04 20:27:00,2
1257,-876.83,COMPRA FARMACIA,2026-06-04 23:37:00,3
1258,-956.02,COMPRA ECOMMERCE,2026-06-04 23:06:00,4
1259,-1035.21,SERVICO ONLINE,2026-06-05 02:16:00,5
1260,-1114.40,CAFETERIA,2026-06-05 05:26:00,6
1261,-1193.59,LIVRARIA,2026-06-05 08:36:00,7
1262,-1272.78,COMPRA FARMACIA,2026-06-05 11:46:00,8
1263,-1351.97,COMPRA ECOMMERCE,2026-06-05 14:56:00,9
1264,-1431.16,SERVICO ONLINE,2026-06-05 18:06:00,10
1265,-15.35,CAFETERIA,2026-06-05 21:16:00,11
1266,-94.54,POSTO COMBUSTIVEL,2026-06-06 00:26:00,1
1267,-173.73,TRANSPORTE APLICATIVO,2026-06-06 03:36:00,2
1268,-252.92,CINEMA,2026-06-06 06:46:00,3
1269,-332.11,ASSINATURA SOFTWARE,2026-06-06 09:56:00,4
1270,-411.30,ACADEMIA,2026-06-06 13:06:00,5
1271,-490.49,POSTO COMBUSTIVEL,2026-06-06 16:16:00,6
1272,-569.68,TRANSPORTE APLICATIVO,2026-06-06 19:26:00,7
1273,-648.87,CINEMA,2026-06-06 22:36:00,8
1274,-728.06,ASSINATURA SOFTWARE,2026-06-07 01:46:00,9
1275,-807.25,ACADEMIA,2026-06-07 01:15:00,10
1276,-886.44,POSTO COMBUSTIVEL,2026-06-07 04:25:00,11
1277,-965.63,COMPRA SUPERMERCADO,2026-06-07 07:35:00,1
1278,-1044.82,COMPRA VESTUARIO,2026-06-07 10:45:00,2
1279,-1124.01,PET SHOP,2026-06-07 13:55:00,3
1280,-1203.20,RESTAURANTE,2026-06-07 17:05:00,4
1281,-1282.39,PADARIA,2026-06-07 20:15:00,5
1282,-1361.58,COMPRA SUPERMERCADO,2026-06-07 23:25:00,6
1283,-1440.77,COMPRA VESTUARIO,2026-06-08 02:35:00,7
1284,-24.96,PET SHOP,2026-06-08 05:45:00,8
1285,-104.15,RESTAURANTE,2026-06-08 08:55:00,9
1286,-183.34,PADARIA,2026-06-08 12:05:00,10
1287,-262.53,COMPRA SUPERMERCADO,2026-06-08 15:15:00,11
1288,-341.72,LOJA DE DEPARTAMENTO,2026-06-08 18:25:00,1
1289,-420.91,COMPRA ELETRONICOS,2026-06-08 21:35:00,2
1290,-500.10,ESTACIONAMENTO,2026-06-09 00:45:00,3
1291,-579.29,ASSINATURA STREAMING,2026-06-09 03:55:00,4
1292,-658.48,DELIVERY,2026-06-09 03:24:00,5
1293,-737.67,LOJA DE DEPARTAMENTO,2026-06-09 06:34:00,6
1294,-816.86,COMPRA ELETRONICOS,2026-06-09 09:44:00,7
1295,-896.05,ESTACIONAMENTO,2026-06-09 12:54:00,8
1296,-975.24,ASSINATURA STREAMING,2026-06-09 16:04:00,9
1297,-1054.43,DELIVERY,2026-06-09 19:14:00,10
1298,-1133.62,LOJA DE DEPARTAMENTO,2026-06-09 22:24:00,11
1299,-1212.81,LIVRARIA,2026-06-10 01:34:00,1
1300,-1292.00,COMPRA FARMACIA,2026-06-10 04:44:00,2
1301,-1371.19,COMPRA ECOMMERCE,2026-06-10 07:54:00,3
1302,-1450.38,SERVICO ONLINE,2026-06-10 11:04:00,4
1303,-34.57,CAFETERIA,2026-06-10 14:14:00,5
1304,-113.76,LIVRARIA,2026-06-10 17:24:00,6
1305,-192.95,COMPRA FARMACIA,2026-06-10 20:34:00,7
1306,-272.14,COMPRA ECOMMERCE,2026-06-10 23:44:00,8
1307,-351.33,SERVICO ONLINE,2026-06-11 02:54:00,9
1308,-430.52,CAFETERIA,2026-06-11 06:04:00,10
1309,-509.71,LIVRARIA,2026-06-11 05:33:00,11
1310,-588.90,TRANSPORTE APLICATIVO,2026-06-11 08:43:00,1
1311,-668.09,CINEMA,2026-06-11 11:53:00,2
1312,-747.28,ASSINATURA SOFTWARE,2026-06-11 15:03:00,3
1313,-826.47,ACADEMIA,2026-06-11 18:13:00,4
1314,-905.66,POSTO COMBUSTIVEL,2026-06-11 21:23:00,5
1315,-984.85,TRANSPORTE APLICATIVO,2026-06-12 00:33:00,6
1316,-1064.04,CINEMA,2026-06-12 03:43:00,7
1317,-1143.23,ASSINATURA SOFTWARE,2026-06-12 06:53:00,8
1318,-1222.42,ACADEMIA,2026-06-12 10:03:00,9
1319,-1301.61,POSTO COMBUSTIVEL,2026-06-12 13:13:00,10
1320,-1380.80,TRANSPORTE APLICATIVO,2026-06-12 16:23:00,11
1321,-1459.99,COMPRA VESTUARIO,2026-06-12 19:33:00,1
1322,-44.18,PET SHOP,2026-06-12 22:43:00,2
1323,-123.37,RESTAURANTE,2026-06-13 01:53:00,3
1324,-202.56,PADARIA,2026-06-13 05:03:00,4
1325,-281.75,COMPRA SUPERMERCADO,2026-06-13 08:13:00,5
1326,-360.94,COMPRA VESTUARIO,2026-06-13 07:42:00,6
1327,-440.13,PET SHOP,2026-06-13 10:52:00,7
1328,-519.32,RESTAURANTE,2026-06-13 14:02:00,8
1329,-598.51,PADARIA,2026-06-13 17:12:00,9
1330,-677.70,COMPRA SUPERMERCADO,2026-06-13 20:22:00,10
1331,-756.89,COMPRA VESTUARIO,2026-06-13 23:32:00,11
1332,-836.08,COMPRA ELETRONICOS,2026-06-14 02:42:00,1
1333,-915.27,ESTACIONAMENTO,2026-06-14 05:52:00,2
1334,-994.46,ASSINATURA STREAMING,2026-06-14 09:02:00,3
1335,-1073.65,DELIVERY,2026-06-14 12:12:00,4
1336,-1152.84,LOJA DE DEPARTAMENTO,2026-06-14 15:22:00,5
1337,-1232.03,COMPRA ELETRONICOS,2026-06-14 18:32:00,6
1338,-1311.22,ESTACIONAMENTO,2026-06-14 21:42:00,7
1339,-1390.41,ASSINATURA STREAMING,2026-06-15 00:52:00,8
1340,-1469.60,DELIVERY,2026-06-15 04:02:00,9
1341,-53.79,LOJA DE DEPARTAMENTO,2026-06-15 07:12:00,10
1342,-132.98,COMPRA ELETRONICOS,2026-06-15 10:22:00,11
1343,-212.17,COMPRA FARMACIA,2026-06-15 09:51:00,1
1344,-291.36,COMPRA ECOMMERCE,2026-06-15 13:01:00,2
1345,-370.55,SERVICO ONLINE,2026-06-15 16:11:00,3
1346,-449.74,CAFETERIA,2026-06-15 19:21:00,4
1347,-528.93,LIVRARIA,2026-06-15 22:31:00,5
1348,-608.12,COMPRA FARMACIA,2026-06-16 01:41:00,6
1349,-687.31,COMPRA ECOMMERCE,2026-06-16 04:51:00,7
1350,-766.50,SERVICO ONLINE,2026-06-16 08:01:00,8
1351,-845.69,CAFETERIA,2026-06-16 11:11:00,9
1352,-924.88,LIVRARIA,2026-06-16 14:21:00,10
1353,-1004.07,COMPRA FARMACIA,2026-06-16 17:31:00,11
1354,-1083.26,CINEMA,2026-06-16 20:41:00,1
1355,-1162.45,ASSINATURA SOFTWARE,2026-06-16 23:51:00,2
1356,-1241.64,ACADEMIA,2026-06-17 03:01:00,3
1357,-1320.83,POSTO COMBUSTIVEL,2026-06-17 06:11:00,4
1358,-1400.02,TRANSPORTE APLICATIVO,2026-06-17 09:21:00,5
1359,-1479.21,CINEMA,2026-06-17 12:31:00,6
1360,-63.40,ASSINATURA SOFTWARE,2026-06-17 12:00:00,7
1361,-142.59,ACADEMIA,2026-06-17 15:10:00,8
1362,-221.78,POSTO COMBUSTIVEL,2026-06-17 18:20:00,9
1363,-300.97,TRANSPORTE APLICATIVO,2026-06-17 21:30:00,10
1364,-380.16,CINEMA,2026-06-18 00:40:00,11
1365,-459.35,PET SHOP,2026-06-18 03:50:00,1
1366,-538.54,RESTAURANTE,2026-06-18 07:00:00,2
1367,-617.73,PADARIA,2026-06-18 10:10:00,3
1368,-696.92,COMPRA SUPERMERCADO,2026-06-18 13:20:00,4
1369,-776.11,COMPRA VESTUARIO,2026-06-18 16:30:00,5
1370,-855.30,PET SHOP,2026-06-18 19:40:00,6
1371,-934.49,RESTAURANTE,2026-06-18 22:50:00,7
1372,-1013.68,PADARIA,2026-06-19 02:00:00,8
1373,-1092.87,COMPRA SUPERMERCADO,2026-06-19 05:10:00,9
1374,-1172.06,COMPRA VESTUARIO,2026-06-19 08:20:00,10
1375,-1251.25,PET SHOP,2026-06-19 11:30:00,11
1376,-1330.44,ESTACIONAMENTO,2026-06-19 14:40:00,1
1377,-1409.63,ASSINATURA STREAMING,2026-06-19 14:09:00,2
1378,-1488.82,DELIVERY,2026-06-19 17:19:00,3
1379,-73.01,LOJA DE DEPARTAMENTO,2026-06-19 20:29:00,4
1380,-152.20,COMPRA ELETRONICOS,2026-06-19 23:39:00,5
1381,-231.39,ESTACIONAMENTO,2026-06-20 02:49:00,6
1382,-310.58,ASSINATURA STREAMING,2026-06-20 05:59:00,7
1383,-389.77,DELIVERY,2026-06-20 09:09:00,8
1384,-468.96,LOJA DE DEPARTAMENTO,2026-06-20 12:19:00,9
1385,-548.15,COMPRA ELETRONICOS,2026-06-20 15:29:00,10
1386,-627.34,ESTACIONAMENTO,2026-06-20 18:39:00,11
1387,-706.53,COMPRA ECOMMERCE,2026-06-20 21:49:00,1
1388,-785.72,SERVICO ONLINE,2026-06-21 00:59:00,2
1389,-864.91,CAFETERIA,2026-06-21 04:09:00,3
1390,-944.10,LIVRARIA,2026-06-21 07:19:00,4
1391,-1023.29,COMPRA FARMACIA,2026-06-21 10:29:00,5
1392,-1102.48,COMPRA ECOMMERCE,2026-06-21 13:39:00,6
1393,-1181.67,SERVICO ONLINE,2026-06-21 16:49:00,7
1394,-1260.86,CAFETERIA,2026-06-21 16:18:00,8
1395,-1340.05,LIVRARIA,2026-06-21 19:28:00,9
1396,-1419.24,COMPRA FARMACIA,2026-06-21 22:38:00,10
1397,-1498.43,COMPRA ECOMMERCE,2026-06-22 01:48:00,11
1398,-82.62,ASSINATURA SOFTWARE,2026-06-22 04:58:00,1
1399,-161.81,ACADEMIA,2026-06-22 08:08:00,2
1400,-241.00,POSTO COMBUSTIVEL,2026-06-22 11:18:00,3
1401,-320.19,TRANSPORTE APLICATIVO,2026-06-22 14:28:00,4
1402,-399.38,CINEMA,2026-06-22 17:38:00,5
1403,-478.57,ASSINATURA SOFTWARE,2026-06-22 20:48:00,6
1404,-557.76,ACADEMIA,2026-06-22 23:58:00,7
1405,-636.95,POSTO COMBUSTIVEL,2026-06-23 03:08:00,8
1406,-716.14,TRANSPORTE APLICATIVO,2026-06-23 06:18:00,9
1407,-795.33,CINEMA,2026-06-23 09:28:00,10
1408,-874.52,ASSINATURA SOFTWARE,2026-06-23 12:38:00,11
1409,-953.71,RESTAURANTE,2026-06-23 15:48:00,1
1410,-1032.90,PADARIA,2026-06-23 18:58:00,2
1411,-1112.09,COMPRA SUPERMERCADO,2026-06-23 18:27:00,3
1412,-1191.28,COMPRA VESTUARIO,2026-06-23 21:37:00,4
1413,-1270.47,PET SHOP,2026-06-24 00:47:00,5
1414,-1349.66,RESTAURANTE,2026-06-24 03:57:00,6
1415,-1428.85,PADARIA,2026-06-24 07:07:00,7
1416,-13.04,COMPRA SUPERMERCADO,2026-06-24 10:17:00,8
1417,-92.23,COMPRA VESTUARIO,2026-06-24 13:27:00,9
1418,-171.42,PET SHOP,2026-06-24 16:37:00,10
1419,-250.61,RESTAURANTE,2026-06-24 19:47:00,11
1420,-329.80,ASSINATURA STREAMING,2026-06-24 22:57:00,1
1421,-408.99,DELIVERY,2026-06-25 02:07:00,2
1422,-488.18,LOJA DE DEPARTAMENTO,2026-06-25 05:17:00,3
1423,-567.37,COMPRA ELETRONICOS,2026-06-25 08:27:00,4
1424,-646.56,ESTACIONAMENTO,2026-06-25 11:37:00,5
1425,-725.75,ASSINATURA STREAMING,2026-06-25 14:47:00,6
1426,-804.94,DELIVERY,2026-06-25 17:57:00,7
1427,-884.13,LOJA DE DEPARTAMENTO,2026-06-25 21:07:00,8
1428,-963.32,COMPRA ELETRONICOS,2026-06-25 20:36:00,9
1429,-1042.51,ESTACIONAMENTO,2026-06-25 23:46:00,10
1430,-1121.70,ASSINATURA STREAMING,2026-06-26 02:56:00,11
1431,-1200.89,SERVICO ONLINE,2026-06-26 06:06:00,1
1432,-1280.08,CAFETERIA,2026-06-26 09:16:00,2
1433,-1359.27,LIVRARIA,2026-06-26 12:26:00,3
1434,-1438.46,COMPRA FARMACIA,2026-06-26 15:36:00,4
1435,-22.65,COMPRA ECOMMERCE,2026-06-26 18:46:00,5
1436,-101.84,SERVICO ONLINE,2026-06-26 21:56:00,6
1437,-181.03,CAFETERIA,2026-06-27 01:06:00,7
1438,-260.22,LIVRARIA,2026-06-27 04:16:00,8
1439,-339.41,COMPRA FARMACIA,2026-06-27 07:26:00,9
1440,-418.60,COMPRA ECOMMERCE,2026-06-27 10:36:00,10
1441,-497.79,SERVICO ONLINE,2026-06-27 13:46:00,11
1442,-576.98,ACADEMIA,2026-06-27 16:56:00,1
1443,-656.17,POSTO COMBUSTIVEL,2026-06-27 20:06:00,2
1444,-735.36,TRANSPORTE APLICATIVO,2026-06-27 23:16:00,3
1445,-814.55,CINEMA,2026-06-27 22:45:00,4
1446,-893.74,ASSINATURA SOFTWARE,2026-06-28 01:55:00,5
1447,-972.93,ACADEMIA,2026-06-28 05:05:00,6
1448,-1052.12,POSTO COMBUSTIVEL,2026-06-28 08:15:00,7
1449,-1131.31,TRANSPORTE APLICATIVO,2026-06-28 11:25:00,8
1450,-1210.50,CINEMA,2026-06-28 14:35:00,9
1451,-1289.69,ASSINATURA SOFTWARE,2026-06-28 17:45:00,10
1452,-1368.88,ACADEMIA,2026-06-28 20:55:00,11
1453,-1448.07,PADARIA,2026-06-29 00:05:00,1
1454,-32.26,COMPRA SUPERMERCADO,2026-06-29 03:15:00,2
1455,-111.45,COMPRA VESTUARIO,2026-06-29 06:25:00,3
1456,-190.64,PET SHOP,2026-06-29 09:35:00,4
1457,-269.83,RESTAURANTE,2026-06-29 12:45:00,5
1458,-349.02,PADARIA,2026-06-29 15:55:00,6
1459,-428.21,COMPRA SUPERMERCADO,2026-06-29 19:05:00,7
1460,-507.40,COMPRA VESTUARIO,2026-06-29 22:15:00,8
1461,-586.59,PET SHOP,2026-06-30 01:25:00,9
1462,-665.78,RESTAURANTE,2026-06-30 00:54:00,10
1463,-744.97,PADARIA,2026-06-30 04:04:00,11
1464,-824.16,DELIVERY,2026-06-30 07:14:00,1
1465,-903.35,LOJA DE DEPARTAMENTO,2026-06-30 10:24:00,2
1466,-982.54,COMPRA ELETRONICOS,2026-06-30 13:34:00,3
1467,-1061.73,ESTACIONAMENTO,2026-06-30 16:44:00,4
1468,-1140.92,ASSINATURA STREAMING,2026-06-30 19:54:00,5
1469,-1220.11,DELIVERY,2026-06-30 23:04:00,6
1470,-1299.30,LOJA DE DEPARTAMENTO,2026-07-01 02:14:00,7
1471,-1378.49,COMPRA ELETRONICOS,2026-07-01 05:24:00,8
1472,-1457.68,ESTACIONAMENTO,2026-07-01 08:34:00,9
1473,-41.87,ASSINATURA STREAMING,2026-07-01 11:44:00,10
1474,-121.06,DELIVERY,2026-07-01 14:54:00,11
1475,-200.25,CAFETERIA,2026-07-01 18:04:00,1
1476,-279.44,LIVRARIA,2026-07-01 21:14:00,2
1477,-358.63,COMPRA FARMACIA,2026-07-02 00:24:00,3
1478,-437.82,COMPRA ECOMMERCE,2026-07-02 03:34:00,4
1479,-517.01,SERVICO ONLINE,2026-07-02 03:03:00,5
1480,-596.20,CAFETERIA,2026-07-02 06:13:00,6
1481,-675.39,LIVRARIA,2026-07-02 09:23:00,7
1482,-754.58,COMPRA FARMACIA,2026-07-02 12:33:00,8
1483,-833.77,COMPRA ECOMMERCE,2026-07-02 15:43:00,9
1484,-912.96,SERVICO ONLINE,2026-07-02 18:53:00,10
1485,-992.15,CAFETERIA,2026-07-02 22:03:00,11
1486,-1071.34,POSTO COMBUSTIVEL,2026-07-03 01:13:00,1
1487,-1150.53,TRANSPORTE APLICATIVO,2026-07-03 04:23:00,2
1488,-1229.72,CINEMA,2026-07-03 07:33:00,3
1489,-1308.91,ASSINATURA SOFTWARE,2026-07-03 10:43:00,4
1490,-1388.10,ACADEMIA,2026-07-03 13:53:00,5
1491,-1467.29,POSTO COMBUSTIVEL,2026-07-03 17:03:00,6
1492,-51.48,TRANSPORTE APLICATIVO,2026-07-03 20:13:00,7
1493,-130.67,CINEMA,2026-07-03 23:23:00,8
1494,-209.86,ASSINATURA SOFTWARE,2026-07-04 02:33:00,9
1495,-289.05,ACADEMIA,2026-07-04 05:43:00,10
1496,-368.24,POSTO COMBUSTIVEL,2026-07-04 05:12:00,11
1497,-447.43,COMPRA SUPERMERCADO,2026-07-04 08:22:00,1
1498,-526.62,COMPRA VESTUARIO,2026-07-04 11:32:00,2
1499,-605.81,PET SHOP,2026-07-04 14:42:00,3
1500,-685.00,RESTAURANTE,2026-07-04 17:52:00,4
1501,-764.19,PADARIA,2026-07-04 21:02:00,5
1502,-843.38,COMPRA SUPERMERCADO,2026-07-05 00:12:00,6
1503,-922.57,COMPRA VESTUARIO,2026-07-05 03:22:00,7
1504,-1001.76,PET SHOP,2026-07-05 06:32:00,8
1505,-1080.95,RESTAURANTE,2026-07-05 09:42:00,9
1506,-1160.14,PADARIA,2026-07-05 12:52:00,10
1507,-1239.33,COMPRA SUPERMERCADO,2026-07-05 16:02:00,11
1508,-1318.52,LOJA DE DEPARTAMENTO,2026-07-05 19:12:00,1
1509,-1397.71,COMPRA ELETRONICOS,2026-07-05 22:22:00,2
1510,-1476.90,ESTACIONAMENTO,2026-07-06 01:32:00,3
1511,-61.09,ASSINATURA STREAMING,2026-07-06 04:42:00,4
1512,-140.28,DELIVERY,2026-07-06 07:52:00,5
1513,-219.47,LOJA DE DEPARTAMENTO,2026-07-06 07:21:00,6
1514,-298.66,COMPRA ELETRONICOS,2026-07-06 10:31:00,7
1515,-377.85,ESTACIONAMENTO,2026-07-06 13:41:00,8
1516,-457.04,ASSINATURA STREAMING,2026-07-06 16:51:00,9
1517,-536.23,DELIVERY,2026-07-06 20:01:00,10
1518,-615.42,LOJA DE DEPARTAMENTO,2026-07-06 23:11:00,11
1519,-694.61,LIVRARIA,2026-07-07 02:21:00,1
1520,-773.80,COMPRA FARMACIA,2026-07-07 05:31:00,2
1521,-852.99,COMPRA ECOMMERCE,2026-07-07 08:41:00,3
1522,-932.18,SERVICO ONLINE,2026-07-07 11:51:00,4
1523,-1011.37,CAFETERIA,2026-07-07 15:01:00,5
1524,-1090.56,LIVRARIA,2026-07-07 18:11:00,6
1525,-1169.75,COMPRA FARMACIA,2026-07-07 21:21:00,7
1526,-1248.94,COMPRA ECOMMERCE,2026-07-08 00:31:00,8
1527,-1328.13,SERVICO ONLINE,2026-07-08 03:41:00,9
1528,-1407.32,CAFETERIA,2026-07-08 06:51:00,10
1529,-1486.51,LIVRARIA,2026-07-08 10:01:00,11
1530,-70.70,TRANSPORTE APLICATIVO,2026-07-08 09:30:00,1
1531,-149.89,CINEMA,2026-07-08 12:40:00,2
1532,-229.08,ASSINATURA SOFTWARE,2026-07-08 15:50:00,3
1533,-308.27,ACADEMIA,2026-07-08 19:00:00,4
1534,-387.46,POSTO COMBUSTIVEL,2026-07-08 22:10:00,5
1535,-466.65,TRANSPORTE APLICATIVO,2026-07-09 01:20:00,6
1536,-545.84,CINEMA,2026-07-09 04:30:00,7
1537,-625.03,ASSINATURA SOFTWARE,2026-07-09 07:40:00,8
1538,-704.22,ACADEMIA,2026-07-09 10:50:00,9
1539,-783.41,POSTO COMBUSTIVEL,2026-07-09 14:00:00,10
1540,-862.60,TRANSPORTE APLICATIVO,2026-07-09 17:10:00,11
1541,-941.79,COMPRA VESTUARIO,2026-07-09 20:20:00,1
1542,-1020.98,PET SHOP,2026-07-09 23:30:00,2
1543,-1100.17,RESTAURANTE,2026-07-10 02:40:00,3
1544,-1179.36,PADARIA,2026-07-10 05:50:00,4
1545,-1258.55,COMPRA SUPERMERCADO,2026-07-10 09:00:00,5
1546,-1337.74,COMPRA VESTUARIO,2026-07-10 12:10:00,6
1547,-1416.93,PET SHOP,2026-07-10 11:39:00,7
1548,-1496.12,RESTAURANTE,2026-07-10 14:49:00,8
1549,-80.31,PADARIA,2026-07-10 17:59:00,9
1550,-159.50,COMPRA SUPERMERCADO,2026-07-10 21:09:00,10
1551,-238.69,COMPRA VESTUARIO,2026-07-11 00:19:00,11
1552,-317.88,COMPRA ELETRONICOS,2026-07-11 03:29:00,1
1553,-397.07,ESTACIONAMENTO,2026-07-11 06:39:00,2
1554,-476.26,ASSINATURA STREAMING,2026-07-11 09:49:00,3
1555,-555.45,DELIVERY,2026-07-11 12:59:00,4
1556,-634.64,LOJA DE DEPARTAMENTO,2026-07-11 16:09:00,5
1557,-713.83,COMPRA ELETRONICOS,2026-07-11 19:19:00,6
1558,-793.02,ESTACIONAMENTO,2026-07-11 22:29:00,7
1559,-872.21,ASSINATURA STREAMING,2026-07-12 01:39:00,8
1560,-951.40,DELIVERY,2026-07-12 04:49:00,9
1561,-1030.59,LOJA DE DEPARTAMENTO,2026-07-12 07:59:00,10
1562,-1109.78,COMPRA ELETRONICOS,2026-07-12 11:09:00,11
1563,-1188.97,COMPRA FARMACIA,2026-07-12 14:19:00,1
1564,-1268.16,COMPRA ECOMMERCE,2026-07-12 13:48:00,2
1565,-1347.35,SERVICO ONLINE,2026-07-12 16:58:00,3
1566,-1426.54,CAFETERIA,2026-07-12 20:08:00,4
1567,-10.73,LIVRARIA,2026-07-12 23:18:00,5
1568,-89.92,COMPRA FARMACIA,2026-07-13 02:28:00,6
1569,-169.11,COMPRA ECOMMERCE,2026-07-13 05:38:00,7
1570,-248.30,SERVICO ONLINE,2026-07-13 08:48:00,8
1571,-327.49,CAFETERIA,2026-07-13 11:58:00,9
1572,-406.68,LIVRARIA,2026-07-13 15:08:00,10
1573,-485.87,COMPRA FARMACIA,2026-07-13 18:18:00,11
1574,-565.06,CINEMA,2026-07-13 21:28:00,1
1575,-644.25,ASSINATURA SOFTWARE,2026-07-14 00:38:00,2
1576,-723.44,ACADEMIA,2026-07-14 03:48:00,3
1577,-802.63,POSTO COMBUSTIVEL,2026-07-14 06:58:00,4
1578,-881.82,TRANSPORTE APLICATIVO,2026-07-14 10:08:00,5
1579,-961.01,CINEMA,2026-07-14 13:18:00,6
1580,-1040.20,ASSINATURA SOFTWARE,2026-07-14 16:28:00,7
1581,-1119.39,ACADEMIA,2026-07-14 15:57:00,8
1582,-1198.58,POSTO COMBUSTIVEL,2026-07-14 19:07:00,9
1583,-1277.77,TRANSPORTE APLICATIVO,2026-07-14 22:17:00,10
1584,-1356.96,CINEMA,2026-07-15 01:27:00,11
1585,-1436.15,PET SHOP,2026-07-15 04:37:00,1
1586,-20.34,RESTAURANTE,2026-07-15 07:47:00,2
1587,-99.53,PADARIA,2026-07-15 10:57:00,3
1588,-178.72,COMPRA SUPERMERCADO,2026-07-15 14:07:00,4
1589,-257.91,COMPRA VESTUARIO,2026-07-15 17:17:00,5
1590,-337.10,PET SHOP,2026-07-15 20:27:00,6
1591,-416.29,RESTAURANTE,2026-07-15 23:37:00,7
1592,-495.48,PADARIA,2026-07-16 02:47:00,8
1593,-574.67,COMPRA SUPERMERCADO,2026-07-16 05:57:00,9
1594,-653.86,COMPRA VESTUARIO,2026-07-16 09:07:00,10
1595,-733.05,PET SHOP,2026-07-16 12:17:00,11
1596,-812.24,ESTACIONAMENTO,2026-07-16 15:27:00,1
1597,-891.43,ASSINATURA STREAMING,2026-07-16 18:37:00,2
1598,-970.62,DELIVERY,2026-07-16 18:06:00,3
1599,-1049.81,LOJA DE DEPARTAMENTO,2026-07-16 21:16:00,4
1600,-1129.00,COMPRA ELETRONICOS,2026-07-17 00:26:00,5
1601,-1208.19,ESTACIONAMENTO,2026-07-17 03:36:00,6
1602,-1287.38,ASSINATURA STREAMING,2026-07-17 06:46:00,7
1603,-1366.57,DELIVERY,2026-07-17 09:56:00,8
1604,-1445.76,LOJA DE DEPARTAMENTO,2026-07-17 13:06:00,9
1605,-29.95,COMPRA ELETRONICOS,2026-07-17 16:16:00,10
1606,-109.14,ESTACIONAMENTO,2026-07-17 19:26:00,11
1607,-188.33,COMPRA ECOMMERCE,2026-07-17 22:36:00,1
1608,-267.52,SERVICO ONLINE,2026-07-18 01:46:00,2
1609,-346.71,CAFETERIA,2026-07-18 04:56:00,3
1610,-425.90,LIVRARIA,2026-07-18 08:06:00,4
1611,-505.09,COMPRA FARMACIA,2026-07-18 11:16:00,5
1612,-584.28,COMPRA ECOMMERCE,2026-07-18 14:26:00,6
1613,-663.47,SERVICO ONLINE,2026-07-18 17:36:00,7
1614,-742.66,CAFETERIA,2026-07-18 20:46:00,8
1615,-821.85,LIVRARIA,2026-07-18 20:15:00,9
1616,-901.04,COMPRA FARMACIA,2026-07-18 23:25:00,10
1617,-980.23,COMPRA ECOMMERCE,2026-07-19 02:35:00,11
1618,-1059.42,ASSINATURA SOFTWARE,2026-07-19 05:45:00,1
1619,-1138.61,ACADEMIA,2026-07-19 08:55:00,2
1620,-1217.80,POSTO COMBUSTIVEL,2026-07-19 12:05:00,3
1621,-1296.99,TRANSPORTE APLICATIVO,2026-07-19 15:15:00,4
1622,-1376.18,CINEMA,2026-07-19 18:25:00,5
1623,-1455.37,ASSINATURA SOFTWARE,2026-07-19 21:35:00,6
1624,-39.56,ACADEMIA,2026-07-20 00:45:00,7
1625,-118.75,POSTO COMBUSTIVEL,2026-07-20 03:55:00,8
1626,-197.94,TRANSPORTE APLICATIVO,2026-07-20 07:05:00,9
1627,-277.13,CINEMA,2026-07-20 10:15:00,10
1628,-356.32,ASSINATURA SOFTWARE,2026-07-20 13:25:00,11
1629,-435.51,RESTAURANTE,2026-07-20 16:35:00,1
1630,-514.70,PADARIA,2026-07-20 19:45:00,2
1631,-593.89,COMPRA SUPERMERCADO,2026-07-20 22:55:00,3
1632,-673.08,COMPRA VESTUARIO,2026-07-20 22:24:00,4
1633,-752.27,PET SHOP,2026-07-21 01:34:00,5
1634,-831.46,RESTAURANTE,2026-07-21 04:44:00,6
1635,-910.65,PADARIA,2026-07-21 07:54:00,7
1636,-989.84,COMPRA SUPERMERCADO,2026-07-21 11:04:00,8
1637,-1069.03,COMPRA VESTUARIO,2026-07-21 14:14:00,9
1638,-1148.22,PET SHOP,2026-07-21 17:24:00,10
1639,-1227.41,RESTAURANTE,2026-07-21 20:34:00,11
1640,-1306.60,ASSINATURA STREAMING,2026-07-21 23:44:00,1
1641,-1385.79,DELIVERY,2026-07-22 02:54:00,2
1642,-1464.98,LOJA DE DEPARTAMENTO,2026-07-22 06:04:00,3
1643,-49.17,COMPRA ELETRONICOS,2026-07-22 09:14:00,4
1644,-128.36,ESTACIONAMENTO,2026-07-22 12:24:00,5
1645,-207.55,ASSINATURA STREAMING,2026-07-22 15:34:00,6
1646,-286.74,DELIVERY,2026-07-22 18:44:00,7
1647,-365.93,LOJA DE DEPARTAMENTO,2026-07-22 21:54:00,8
1648,-445.12,COMPRA ELETRONICOS,2026-07-23 01:04:00,9
1649,-524.31,ESTACIONAMENTO,2026-07-23 00:33:00,10
1650,-603.50,ASSINATURA STREAMING,2026-07-23 03:43:00,11
1651,-682.69,SERVICO ONLINE,2026-07-23 06:53:00,1
1652,-761.88,CAFETERIA,2026-07-23 10:03:00,2
1653,-841.07,LIVRARIA,2026-07-23 13:13:00,3
1654,-920.26,COMPRA FARMACIA,2026-07-23 16:23:00,4
1655,-999.45,COMPRA ECOMMERCE,2026-07-23 19:33:00,5
1656,-1078.64,SERVICO ONLINE,2026-07-23 22:43:00,6
1657,-1157.83,CAFETERIA,2026-07-24 01:53:00,7
1658,-1237.02,LIVRARIA,2026-07-24 05:03:00,8
1659,-1316.21,COMPRA FARMACIA,2026-07-24 08:13:00,9
1660,-1395.40,COMPRA ECOMMERCE,2026-07-24 11:23:00,10
1661,-1474.59,SERVICO ONLINE,2026-07-24 14:33:00,11
1662,-58.78,ACADEMIA,2026-07-24 17:43:00,1
1663,-137.97,POSTO COMBUSTIVEL,2026-07-24 20:53:00,2
1664,-217.16,TRANSPORTE APLICATIVO,2026-07-25 00:03:00,3
1665,-296.35,CINEMA,2026-07-25 03:13:00,4
1666,-375.54,ASSINATURA SOFTWARE,2026-07-25 02:42:00,5
1667,-454.73,ACADEMIA,2026-07-25 05:52:00,6
1668,-533.92,POSTO COMBUSTIVEL,2026-07-25 09:02:00,7
1669,-613.11,TRANSPORTE APLICATIVO,2026-07-25 12:12:00,8
1670,-692.30,CINEMA,2026-07-25 15:22:00,9
1671,-771.49,ASSINATURA SOFTWARE,2026-07-25 18:32:00,10
1672,-850.68,ACADEMIA,2026-07-25 21:42:00,11
1673,-929.87,PADARIA,2026-07-26 00:52:00,1
1674,-1009.06,COMPRA SUPERMERCADO,2026-07-26 04:02:00,2
1675,-1088.25,COMPRA VESTUARIO,2026-07-26 07:12:00,3
1676,-1167.44,PET SHOP,2026-07-26 10:22:00,4
1677,-1246.63,RESTAURANTE,2026-07-26 13:32:00,5
1678,-1325.82,PADARIA,2026-07-26 16:42:00,6
1679,-1405.01,COMPRA SUPERMERCADO,2026-07-26 19:52:00,7
1680,-1484.20,COMPRA VESTUARIO,2026-07-26 23:02:00,8
1681,-68.39,PET SHOP,2026-07-27 02:12:00,9
1682,-147.58,RESTAURANTE,2026-07-27 05:22:00,10
1683,-226.77,PADARIA,2026-07-27 04:51:00,11
1684,-305.96,DELIVERY,2026-07-27 08:01:00,1
1685,-385.15,LOJA DE DEPARTAMENTO,2026-07-27 11:11:00,2
1686,-464.34,COMPRA ELETRONICOS,2026-07-27 14:21:00,3
1687,-543.53,ESTACIONAMENTO,2026-07-27 17:31:00,4
1688,-622.72,ASSINATURA STREAMING,2026-07-27 20:41:00,5
1689,-701.91,DELIVERY,2026-07-27 23:51:00,6
1690,-781.10,LOJA DE DEPARTAMENTO,2026-07-28 03:01:00,7
1691,-860.29,COMPRA ELETRONICOS,2026-07-28 06:11:00,8
1692,-939.48,ESTACIONAMENTO,2026-07-28 09:21:00,9
1693,-1018.67,ASSINATURA STREAMING,2026-07-28 12:31:00,10
1694,-1097.86,DELIVERY,2026-07-28 15:41:00,11
1695,-1177.05,CAFETERIA,2026-07-28 18:51:00,1
1696,-1256.24,LIVRARIA,2026-07-28 22:01:00,2
1697,-1335.43,COMPRA FARMACIA,2026-07-29 01:11:00,3
1698,-1414.62,COMPRA ECOMMERCE,2026-07-29 04:21:00,4
1699,-1493.81,SERVICO ONLINE,2026-07-29 07:31:00,5
1700,-78.00,CAFETERIA,2026-07-29 07:00:00,6
1701,-157.19,LIVRARIA,2026-07-29 10:10:00,7
1702,-236.38,COMPRA FARMACIA,2026-07-29 13:20:00,8
1703,-315.57,COMPRA ECOMMERCE,2026-07-29 16:30:00,9
1704,-394.76,SERVICO ONLINE,2026-07-29 19:40:00,10
1705,-473.95,CAFETERIA,2026-07-29 22:50:00,11
1706,-553.14,POSTO COMBUSTIVEL,2026-07-30 02:00:00,1
1707,-632.33,TRANSPORTE APLICATIVO,2026-07-30 05:10:00,2
1708,-711.52,CINEMA,2026-07-30 08:20:00,3
1709,-790.71,ASSINATURA SOFTWARE,2026-07-30 11:30:00,4
1710,-869.90,ACADEMIA,2026-07-30 14:40:00,5
1711,-949.09,POSTO COMBUSTIVEL,2026-07-30 17:50:00,6
1712,-1028.28,TRANSPORTE APLICATIVO,2026-07-30 21:00:00,7
1713,-1107.47,CINEMA,2026-07-31 00:10:00,8
1714,-1186.66,ASSINATURA SOFTWARE,2026-07-31 03:20:00,9
1715,-1265.85,ACADEMIA,2026-07-31 06:30:00,10
1716,-1345.04,POSTO COMBUSTIVEL,2026-07-31 09:40:00,11
1717,-1424.23,COMPRA SUPERMERCADO,2026-07-31 09:09:00,1
1718,-8.42,COMPRA VESTUARIO,2026-07-31 12:19:00,2
1719,-87.61,PET SHOP,2026-07-31 15:29:00,3
1720,-166.80,RESTAURANTE,2026-07-31 18:39:00,4
1721,-245.99,PADARIA,2026-07-31 21:49:00,5
1722,-325.18,COMPRA SUPERMERCADO,2026-08-01 00:59:00,6
1723,-404.37,COMPRA VESTUARIO,2026-08-01 04:09:00,7
1724,-483.56,PET SHOP,2026-08-01 07:19:00,8
1725,-562.75,RESTAURANTE,2026-08-01 10:29:00,9
1726,-641.94,PADARIA,2026-08-01 13:39:00,10
1727,-721.13,COMPRA SUPERMERCADO,2026-08-01 16:49:00,11
1728,-800.32,LOJA DE DEPARTAMENTO,2026-08-01 19:59:00,1
1729,-879.51,COMPRA ELETRONICOS,2026-08-01 23:09:00,2
1730,-958.70,ESTACIONAMENTO,2026-08-02 02:19:00,3
1731,-1037.89,ASSINATURA STREAMING,2026-08-02 05:29:00,4
1732,-1117.08,DELIVERY,2026-08-02 08:39:00,5
1733,-1196.27,LOJA DE DEPARTAMENTO,2026-08-02 11:49:00,6
1734,-1275.46,COMPRA ELETRONICOS,2026-08-02 11:18:00,7
1735,-1354.65,ESTACIONAMENTO,2026-08-02 14:28:00,8
1736,-1433.84,ASSINATURA STREAMING,2026-08-02 17:38:00,9
1737,-18.03,DELIVERY,2026-08-02 20:48:00,10
1738,-97.22,LOJA DE DEPARTAMENTO,2026-08-02 23:58:00,11
1739,-176.41,LIVRARIA,2026-08-03 03:08:00,1
1740,-255.60,COMPRA FARMACIA,2026-08-03 06:18:00,2
1741,-334.79,COMPRA ECOMMERCE,2026-08-03 09:28:00,3
1742,-413.98,SERVICO ONLINE,2026-08-03 12:38:00,4
1743,-493.17,CAFETERIA,2026-08-03 15:48:00,5
1744,-572.36,LIVRARIA,2026-08-03 18:58:00,6
1745,-651.55,COMPRA FARMACIA,2026-08-03 22:08:00,7
1746,-730.74,COMPRA ECOMMERCE,2026-08-04 01:18:00,8
1747,-809.93,SERVICO ONLINE,2026-08-04 04:28:00,9
1748,-889.12,CAFETERIA,2026-08-04 07:38:00,10
1749,-968.31,LIVRARIA,2026-08-04 10:48:00,11
1750,-1047.50,TRANSPORTE APLICATIVO,2026-08-04 13:58:00,1
1751,-1126.69,CINEMA,2026-08-04 13:27:00,2
1752,-1205.88,ASSINATURA SOFTWARE,2026-08-04 16:37:00,3
1753,-1285.07,ACADEMIA,2026-08-04 19:47:00,4
1754,-1364.26,POSTO COMBUSTIVEL,2026-08-04 22:57:00,5
1755,-1443.45,TRANSPORTE APLICATIVO,2026-08-05 02:07:00,6
1756,-27.64,CINEMA,2026-08-05 05:17:00,7
1757,-106.83,ASSINATURA SOFTWARE,2026-08-05 08:27:00,8
1758,-186.02,ACADEMIA,2026-08-05 11:37:00,9
1759,-265.21,POSTO COMBUSTIVEL,2026-08-05 14:47:00,10
1760,-344.40,TRANSPORTE APLICATIVO,2026-08-05 17:57:00,11
1761,-423.59,COMPRA VESTUARIO,2026-08-05 21:07:00,1
1762,-502.78,PET SHOP,2026-08-06 00:17:00,2
1763,-581.97,RESTAURANTE,2026-08-06 03:27:00,3
1764,-661.16,PADARIA,2026-08-06 06:37:00,4
1765,-740.35,COMPRA SUPERMERCADO,2026-08-06 09:47:00,5
1766,-819.54,COMPRA VESTUARIO,2026-08-06 12:57:00,6
1767,-898.73,PET SHOP,2026-08-06 16:07:00,7
1768,-977.92,RESTAURANTE,2026-08-06 15:36:00,8
1769,-1057.11,PADARIA,2026-08-06 18:46:00,9
1770,-1136.30,COMPRA SUPERMERCADO,2026-08-06 21:56:00,10
1771,-1215.49,COMPRA VESTUARIO,2026-08-07 01:06:00,11
1772,-1294.68,COMPRA ELETRONICOS,2026-08-07 04:16:00,1
1773,-1373.87,ESTACIONAMENTO,2026-08-07 07:26:00,2
1774,-1453.06,ASSINATURA STREAMING,2026-08-07 10:36:00,3
1775,-37.25,DELIVERY,2026-08-07 13:46:00,4
1776,-116.44,LOJA DE DEPARTAMENTO,2026-08-07 16:56:00,5
1777,-195.63,COMPRA ELETRONICOS,2026-08-07 20:06:00,6
1778,-274.82,ESTACIONAMENTO,2026-08-07 23:16:00,7
1779,-354.01,ASSINATURA STREAMING,2026-08-08 02:26:00,8
1780,-433.20,DELIVERY,2026-08-08 05:36:00,9
1781,-512.39,LOJA DE DEPARTAMENTO,2026-08-08 08:46:00,10
1782,-591.58,COMPRA ELETRONICOS,2026-08-08 11:56:00,11
1783,-670.77,COMPRA FARMACIA,2026-08-08 15:06:00,1
1784,-749.96,COMPRA ECOMMERCE,2026-08-08 18:16:00,2
1785,-829.15,SERVICO ONLINE,2026-08-08 17:45:00,3
1786,-908.34,CAFETERIA,2026-08-08 20:55:00,4
1787,-987.53,LIVRARIA,2026-08-09 00:05:00,5
1788,-1066.72,COMPRA FARMACIA,2026-08-09 03:15:00,6
1789,-1145.91,COMPRA ECOMMERCE,2026-08-09 06:25:00,7
1790,-1225.10,SERVICO ONLINE,2026-08-09 09:35:00,8
1791,-1304.29,CAFETERIA,2026-08-09 12:45:00,9
1792,-1383.48,LIVRARIA,2026-08-09 15:55:00,10
1793,-1462.67,COMPRA FARMACIA,2026-08-09 19:05:00,11
1794,-46.86,CINEMA,2026-08-09 22:15:00,1
1795,-126.05,ASSINATURA SOFTWARE,2026-08-10 01:25:00,2
1796,-205.24,ACADEMIA,2026-08-10 04:35:00,3
1797,-284.43,POSTO COMBUSTIVEL,2026-08-10 07:45:00,4
1798,-363.62,TRANSPORTE APLICATIVO,2026-08-10 10:55:00,5
1799,-442.81,CINEMA,2026-08-10 14:05:00,6
1800,-522.00,ASSINATURA SOFTWARE,2026-08-10 17:15:00,7
1801,-601.19,ACADEMIA,2026-08-10 20:25:00,8
1802,-680.38,POSTO COMBUSTIVEL,2026-08-10 19:54:00,9
1803,-759.57,TRANSPORTE APLICATIVO,2026-08-10 23:04:00,10
1804,-838.76,CINEMA,2026-08-11 02:14:00,11
1805,-917.95,PET SHOP,2026-08-11 05:24:00,1
1806,-997.14,RESTAURANTE,2026-08-11 08:34:00,2
1807,-1076.33,PADARIA,2026-08-11 11:44:00,3
1808,-1155.52,COMPRA SUPERMERCADO,2026-08-11 14:54:00,4
1809,-1234.71,COMPRA VESTUARIO,2026-08-11 18:04:00,5
1810,-1313.90,PET SHOP,2026-08-11 21:14:00,6
1811,-1393.09,RESTAURANTE,2026-08-12 00:24:00,7
1812,-1472.28,PADARIA,2026-08-12 03:34:00,8
1813,-56.47,COMPRA SUPERMERCADO,2026-08-12 06:44:00,9
1814,-135.66,COMPRA VESTUARIO,2026-08-12 09:54:00,10
1815,-214.85,PET SHOP,2026-08-12 13:04:00,11
1816,-294.04,ESTACIONAMENTO,2026-08-12 16:14:00,1
1817,-373.23,ASSINATURA STREAMING,2026-08-12 19:24:00,2
1818,-452.42,DELIVERY,2026-08-12 22:34:00,3
1819,-531.61,LOJA DE DEPARTAMENTO,2026-08-12 22:03:00,4
1820,-610.80,COMPRA ELETRONICOS,2026-08-13 01:13:00,5
1821,-689.99,ESTACIONAMENTO,2026-08-13 04:23:00,6
1822,-769.18,ASSINATURA STREAMING,2026-08-13 07:33:00,7
1823,-848.37,DELIVERY,2026-08-13 10:43:00,8
1824,-927.56,LOJA DE DEPARTAMENTO,2026-08-13 13:53:00,9
1825,-1006.75,COMPRA ELETRONICOS,2026-08-13 17:03:00,10
1826,-1085.94,ESTACIONAMENTO,2026-08-13 20:13:00,11
1827,-1165.13,COMPRA ECOMMERCE,2026-08-13 23:23:00,1
1828,-1244.32,SERVICO ONLINE,2026-08-14 02:33:00,2
1829,-1323.51,CAFETERIA,2026-08-14 05:43:00,3
1830,-1402.70,LIVRARIA,2026-08-14 08:53:00,4
1831,-1481.89,COMPRA FARMACIA,2026-08-14 12:03:00,5
1832,-66.08,COMPRA ECOMMERCE,2026-08-14 15:13:00,6
1833,-145.27,SERVICO ONLINE,2026-08-14 18:23:00,7
1834,-224.46,CAFETERIA,2026-08-14 21:33:00,8
1835,-303.65,LIVRARIA,2026-08-15 00:43:00,9
1836,-382.84,COMPRA FARMACIA,2026-08-15 00:12:00,10
1837,-462.03,COMPRA ECOMMERCE,2026-08-15 03:22:00,11
1838,-541.22,ASSINATURA SOFTWARE,2026-08-15 06:32:00,1
1839,-620.41,ACADEMIA,2026-08-15 09:42:00,2
1840,-699.60,POSTO COMBUSTIVEL,2026-08-15 12:52:00,3
1841,-778.79,TRANSPORTE APLICATIVO,2026-08-15 16:02:00,4
1842,-857.98,CINEMA,2026-08-15 19:12:00,5
1843,-937.17,ASSINATURA SOFTWARE,2026-08-15 22:22:00,6
1844,-1016.36,ACADEMIA,2026-08-16 01:32:00,7
1845,-1095.55,POSTO COMBUSTIVEL,2026-08-16 04:42:00,8
1846,-1174.74,TRANSPORTE APLICATIVO,2026-08-16 07:52:00,9
1847,-1253.93,CINEMA,2026-08-16 11:02:00,10
1848,-1333.12,ASSINATURA SOFTWARE,2026-08-16 14:12:00,11
1849,-1412.31,RESTAURANTE,2026-08-16 17:22:00,1
1850,-1491.50,PADARIA,2026-08-16 20:32:00,2
1851,-75.69,COMPRA SUPERMERCADO,2026-08-16 23:42:00,3
1852,-154.88,COMPRA VESTUARIO,2026-08-17 02:52:00,4
1853,-234.07,PET SHOP,2026-08-17 02:21:00,5
1854,-313.26,RESTAURANTE,2026-08-17 05:31:00,6
1855,-392.45,PADARIA,2026-08-17 08:41:00,7
1856,-471.64,COMPRA SUPERMERCADO,2026-08-17 11:51:00,8
1857,-550.83,COMPRA VESTUARIO,2026-08-17 15:01:00,9
1858,-630.02,PET SHOP,2026-08-17 18:11:00,10
1859,-709.21,RESTAURANTE,2026-08-17 21:21:00,11
1860,-788.40,ASSINATURA STREAMING,2026-08-18 00:31:00,1
1861,-867.59,DELIVERY,2026-08-18 03:41:00,2
1862,-946.78,LOJA DE DEPARTAMENTO,2026-08-18 06:51:00,3
1863,-1025.97,COMPRA ELETRONICOS,2026-08-18 10:01:00,4
1864,-1105.16,ESTACIONAMENTO,2026-08-18 13:11:00,5
1865,-1184.35,ASSINATURA STREAMING,2026-08-18 16:21:00,6
1866,-1263.54,DELIVERY,2026-08-18 19:31:00,7
1867,-1342.73,LOJA DE DEPARTAMENTO,2026-08-18 22:41:00,8
1868,-1421.92,COMPRA ELETRONICOS,2026-08-19 01:51:00,9
1869,-6.11,ESTACIONAMENTO,2026-08-19 05:01:00,10
1870,-85.30,ASSINATURA STREAMING,2026-08-19 04:30:00,11
1871,-164.49,SERVICO ONLINE,2026-08-19 07:40:00,1
1872,-243.68,CAFETERIA,2026-08-19 10:50:00,2
1873,-322.87,LIVRARIA,2026-08-19 14:00:00,3
1874,-402.06,COMPRA FARMACIA,2026-08-19 17:10:00,4
1875,-481.25,COMPRA ECOMMERCE,2026-08-19 20:20:00,5
1876,-560.44,SERVICO ONLINE,2026-08-19 23:30:00,6
1877,-639.63,CAFETERIA,2026-08-20 02:40:00,7
1878,-718.82,LIVRARIA,2026-08-20 05:50:00,8
1879,-798.01,COMPRA FARMACIA,2026-08-20 09:00:00,9
1880,-877.20,COMPRA ECOMMERCE,2026-08-20 12:10:00,10
1881,-956.39,SERVICO ONLINE,2026-08-20 15:20:00,11
1882,-1035.58,ACADEMIA,2026-08-20 18:30:00,1
1883,-1114.77,POSTO COMBUSTIVEL,2026-08-20 21:40:00,2
1884,-1193.96,TRANSPORTE APLICATIVO,2026-08-21 00:50:00,3
1885,-1273.15,CINEMA,2026-08-21 04:00:00,4
1886,-1352.34,ASSINATURA SOFTWARE,2026-08-21 07:10:00,5
1887,-1431.53,ACADEMIA,2026-08-21 06:39:00,6
1888,-15.72,POSTO COMBUSTIVEL,2026-08-21 09:49:00,7
1889,-94.91,TRANSPORTE APLICATIVO,2026-08-21 12:59:00,8
1890,-174.10,CINEMA,2026-08-21 16:09:00,9
1891,-253.29,ASSINATURA SOFTWARE,2026-08-21 19:19:00,10
1892,-332.48,ACADEMIA,2026-08-21 22:29:00,11
1893,-411.67,PADARIA,2026-08-22 01:39:00,1
1894,-490.86,COMPRA SUPERMERCADO,2026-08-22 04:49:00,2
1895,-570.05,COMPRA VESTUARIO,2026-08-22 07:59:00,3
1896,-649.24,PET SHOP,2026-08-22 11:09:00,4
1897,-728.43,RESTAURANTE,2026-08-22 14:19:00,5
1898,-807.62,PADARIA,2026-08-22 17:29:00,6
1899,-886.81,COMPRA SUPERMERCADO,2026-08-22 20:39:00,7
1900,-966.00,COMPRA VESTUARIO,2026-08-22 23:49:00,8
1901,-1045.19,PET SHOP,2026-08-23 02:59:00,9
1902,-1124.38,RESTAURANTE,2026-08-23 06:09:00,10
1903,-1203.57,PADARIA,2026-08-23 09:19:00,11
1904,-1282.76,DELIVERY,2026-08-23 08:48:00,1
1905,-1361.95,LOJA DE DEPARTAMENTO,2026-08-23 11:58:00,2
1906,-1441.14,COMPRA ELETRONICOS,2026-08-23 15:08:00,3
1907,-25.33,ESTACIONAMENTO,2026-08-23 18:18:00,4
1908,-104.52,ASSINATURA STREAMING,2026-08-23 21:28:00,5
1909,-183.71,DELIVERY,2026-08-24 00:38:00,6
1910,-262.90,LOJA DE DEPARTAMENTO,2026-08-24 03:48:00,7
1911,-342.09,COMPRA ELETRONICOS,2026-08-24 06:58:00,8
1912,-421.28,ESTACIONAMENTO,2026-08-24 10:08:00,9
1913,-500.47,ASSINATURA STREAMING,2026-08-24 13:18:00,10
1914,-579.66,DELIVERY,2026-08-24 16:28:00,11
1915,-658.85,CAFETERIA,2026-08-24 19:38:00,1
1916,-738.04,LIVRARIA,2026-08-24 22:48:00,2
1917,-817.23,COMPRA FARMACIA,2026-08-25 01:58:00,3
1918,-896.42,COMPRA ECOMMERCE,2026-08-25 05:08:00,4
1919,-975.61,SERVICO ONLINE,2026-08-25 08:18:00,5
1920,-1054.80,CAFETERIA,2026-08-25 11:28:00,6
1921,-1133.99,LIVRARIA,2026-08-25 10:57:00,7
1922,-1213.18,COMPRA FARMACIA,2026-08-25 14:07:00,8
1923,-1292.37,COMPRA ECOMMERCE,2026-08-25 17:17:00,9
1924,-1371.56,SERVICO ONLINE,2026-08-25 20:27:00,10
1925,-1450.75,CAFETERIA,2026-08-25 23:37:00,11
1926,-34.94,POSTO COMBUSTIVEL,2026-08-26 02:47:00,1
1927,-114.13,TRANSPORTE APLICATIVO,2026-08-26 05:57:00,2
1928,-193.32,CINEMA,2026-08-26 09:07:00,3
1929,-272.51,ASSINATURA SOFTWARE,2026-08-26 12:17:00,4
1930,-351.70,ACADEMIA,2026-08-26 15:27:00,5
1931,-430.89,POSTO COMBUSTIVEL,2026-08-26 18:37:00,6
1932,-510.08,TRANSPORTE APLICATIVO,2026-08-26 21:47:00,7
1933,-589.27,CINEMA,2026-08-27 00:57:00,8
1934,-668.46,ASSINATURA SOFTWARE,2026-08-27 04:07:00,9
1935,-747.65,ACADEMIA,2026-08-27 07:17:00,10
1936,-826.84,POSTO COMBUSTIVEL,2026-08-27 10:27:00,11
1937,-906.03,COMPRA SUPERMERCADO,2026-08-27 13:37:00,1
1938,-985.22,COMPRA VESTUARIO,2026-08-27 13:06:00,2
1939,-1064.41,PET SHOP,2026-08-27 16:16:00,3
1940,-1143.60,RESTAURANTE,2026-08-27 19:26:00,4
1941,-1222.79,PADARIA,2026-08-27 22:36:00,5
1942,-1301.98,COMPRA SUPERMERCADO,2026-08-28 01:46:00,6
1943,-1381.17,COMPRA VESTUARIO,2026-08-28 04:56:00,7
1944,-1460.36,PET SHOP,2026-08-28 08:06:00,8
1945,-44.55,RESTAURANTE,2026-08-28 11:16:00,9
1946,-123.74,PADARIA,2026-08-28 14:26:00,10
1947,-202.93,COMPRA SUPERMERCADO,2026-08-28 17:36:00,11
1948,-282.12,LOJA DE DEPARTAMENTO,2026-08-28 20:46:00,1
1949,-361.31,COMPRA ELETRONICOS,2026-08-28 23:56:00,2
1950,-440.50,ESTACIONAMENTO,2026-08-29 03:06:00,3
1951,-519.69,ASSINATURA STREAMING,2026-08-29 06:16:00,4
1952,-598.88,DELIVERY,2026-08-29 09:26:00,5
1953,-678.07,LOJA DE DEPARTAMENTO,2026-08-29 12:36:00,6
1954,-757.26,COMPRA ELETRONICOS,2026-08-29 15:46:00,7
1955,-836.45,ESTACIONAMENTO,2026-08-29 15:15:00,8
1956,-915.64,ASSINATURA STREAMING,2026-08-29 18:25:00,9
1957,-994.83,DELIVERY,2026-08-29 21:35:00,10
1958,-1074.02,LOJA DE DEPARTAMENTO,2026-08-30 00:45:00,11
1959,-1153.21,LIVRARIA,2026-08-30 03:55:00,1
1960,-1232.40,COMPRA FARMACIA,2026-08-30 07:05:00,2
1961,-1311.59,COMPRA ECOMMERCE,2026-08-30 10:15:00,3
1962,-1390.78,SERVICO ONLINE,2026-08-30 13:25:00,4
1963,-1469.97,CAFETERIA,2026-08-30 16:35:00,5
1964,-54.16,LIVRARIA,2026-08-30 19:45:00,6
1965,-133.35,COMPRA FARMACIA,2026-08-30 22:55:00,7
1966,-212.54,COMPRA ECOMMERCE,2026-08-31 02:05:00,8
1967,-291.73,SERVICO ONLINE,2026-08-31 05:15:00,9
1968,-370.92,CAFETERIA,2026-08-31 08:25:00,10
1969,-450.11,LIVRARIA,2026-08-31 11:35:00,11
1970,-529.30,TRANSPORTE APLICATIVO,2026-08-31 14:45:00,1
1971,-608.49,CINEMA,2026-08-31 17:55:00,2
1972,-687.68,ASSINATURA SOFTWARE,2026-08-31 17:24:00,3
1973,-766.87,ACADEMIA,2026-08-31 20:34:00,4
1974,-846.06,POSTO COMBUSTIVEL,2026-08-31 23:44:00,5
1975,-925.25,TRANSPORTE APLICATIVO,2026-09-01 02:54:00,6
1976,-1004.44,CINEMA,2026-09-01 06:04:00,7
1977,-1083.63,ASSINATURA SOFTWARE,2026-09-01 09:14:00,8
1978,-1162.82,ACADEMIA,2026-09-01 12:24:00,9
1979,-1242.01,POSTO COMBUSTIVEL,2026-09-01 15:34:00,10
1980,-1321.20,TRANSPORTE APLICATIVO,2026-09-01 18:44:00,11
1981,-1400.39,COMPRA VESTUARIO,2026-09-01 21:54:00,1
1982,-1479.58,PET SHOP,2026-09-02 01:04:00,2
1983,-63.77,RESTAURANTE,2026-09-02 04:14:00,3
1984,-142.96,PADARIA,2026-09-02 07:24:00,4
1985,-222.15,COMPRA SUPERMERCADO,2026-09-02 10:34:00,5
1986,-301.34,COMPRA VESTUARIO,2026-09-02 13:44:00,6
1987,-380.53,PET SHOP,2026-09-02 16:54:00,7
1988,-459.72,RESTAURANTE,2026-09-02 20:04:00,8
1989,-538.91,PADARIA,2026-09-02 19:33:00,9
1990,-618.10,COMPRA SUPERMERCADO,2026-09-02 22:43:00,10
1991,-697.29,COMPRA VESTUARIO,2026-09-03 01:53:00,11
1992,-776.48,COMPRA ELETRONICOS,2026-09-03 05:03:00,1
1993,-855.67,ESTACIONAMENTO,2026-09-03 08:13:00,2
1994,-934.86,ASSINATURA STREAMING,2026-09-03 11:23:00,3
1995,-1014.05,DELIVERY,2026-09-03 14:33:00,4
1996,-1093.24,LOJA DE DEPARTAMENTO,2026-09-03 17:43:00,5
1997,-1172.43,COMPRA ELETRONICOS,2026-09-03 20:53:00,6
1998,-1251.62,ESTACIONAMENTO,2026-09-04 00:03:00,7
1999,-1330.81,ASSINATURA STREAMING,2026-09-04 03:13:00,8
2000,-1410.00,DELIVERY,2026-09-04 06:23:00,9
